COLLISION_ID,year,LATITUDE,LONGITUDE,NUMBER OF PERSONS KILLED
4443779,2021,40.72165,-73.886444,1.0
4442687,2021,40.68038,-73.80466,1.0
4442673,2021,40.677715,-73.93587,1.0
4441354,2021,40.738728,-73.812164,1.0
4440770,2021,40.759727000000005,-73.8455,1.0
4440769,2021,40.742059999999995,-73.82453000000001,1.0
4441449,2021,40.847794,-73.82670999999999,1.0
4442158,2021,40.65616,-73.76736,2.0
4439478,2021,40.826656,-73.8739,1.0
4439505,2021,40.647594,-73.97351,1.0
4438609,2021,40.703434,-73.91181,1.0
4437642,2021,40.677288,-73.92824,1.0
4436976,2021,40.737133,-73.99033,1.0
4436428,2021,40.726620000000004,-73.757324,1.0
4435874,2021,40.859093,-73.93745,1.0
4437506,2021,40.608253000000005,-74.08879,1.0
4443281,2021,40.646374,-74.01590999999999,1.0
4435311,2021,40.661384999999996,-73.8841,1.0
4435313,2021,40.659485,-73.918304,1.0
4433549,2021,40.6528,-73.86389,1.0
4433274,2021,40.819786,-73.91216,1.0
4433109,2021,40.758309999999994,-73.96294,1.0
4433548,2021,40.785294,-73.96934499999999,1.0
4432515,2021,40.676144,-73.893074,1.0
4432786,2021,40.637454999999996,-73.92886,1.0
4434120,2021,40.62788,-73.93251,1.0
4429676,2021,40.586315,-73.80653000000001,1.0
4430829,2021,40.839676000000004,-73.871216,1.0
4428754,2021,40.866046999999995,-73.87207,1.0
4430850,2021,40.675354,-73.952774,2.0
4428465,2021,40.74658,-73.99756,1.0
4427753,2021,40.899628,-73.84435,1.0
4427548,2021,40.71997,-73.99290500000001,1.0
4426623,2021,40.679363,-73.7973,1.0
4432163,2021,40.714622,-73.90117,1.0
4427132,2021,40.72416,-73.754974,1.0
4426252,2021,40.75979,-73.98793,1.0
4426253,2021,40.816615999999996,-73.89414000000001,1.0
4426256,2021,40.607178000000005,-73.91642,1.0
4425001,2021,40.77353,-73.98534000000001,1.0
4423679,2021,40.78322,-73.84586,1.0
4422826,2021,40.880534999999995,-73.83211999999999,1.0
4423067,2021,40.76015,-73.9988,1.0
4422373,2021,40.686085,-73.98266600000001,1.0
4421897,2021,40.83232,-73.87395,1.0
4422371,2021,40.681999999999995,-73.96866999999999,1.0
4422372,2021,40.74331,-73.87451,1.0
4421901,2021,40.777958,-73.90847,1.0
4421887,2021,40.820515,-73.930695,1.0
4420435,2021,40.839237,-73.94688000000001,1.0
4420310,2021,40.842514,-73.871544,1.0
4420041,2021,40.680687,-73.84459,2.0
4420981,2021,40.769283,-73.82445,1.0
4419561,2021,40.738457000000004,-73.93981,3.0
4419912,2021,40.639053000000004,-73.9213,1.0
4419608,2021,40.86808,-73.90858,2.0
4419564,2021,40.68651,-73.954544,1.0
4418820,2021,40.63926,-73.93777,1.0
4418336,2021,40.62897,-73.90323000000001,1.0
4417604,2021,40.720795,-73.94496,1.0
4417621,2021,40.71045,-73.95687,1.0
4417309,2021,40.748065999999994,-73.84918,1.0
4417575,2021,40.65461,-73.922,1.0
4415647,2021,40.664993,-73.80229,1.0
4415909,2021,40.715176,-73.951965,1.0
4415906,2021,40.505527,-74.23819,1.0
4413273,2021,40.68775,-73.79039,1.0
4412948,2021,40.563915,-74.11636999999999,1.0
4413106,2021,40.686516,-73.78883,1.0
4412249,2021,40.77486,-73.90890999999999,1.0
4411011,2021,40.7423,-73.781235,1.0
4411518,2021,40.744644,-73.77041,1.0
4411521,2021,40.856358,-73.826515,1.0
4410383,2021,40.677746,-73.73096,1.0
4410388,2021,40.643063,-73.95166,1.0
4410389,2021,40.86357,-73.92602,1.0
4410387,2021,40.803696,-73.93791999999999,1.0
4409176,2021,40.692135,-73.83485,1.0
4408961,2021,40.82289,-73.94208,1.0
4410382,2021,40.61424,-73.98824,1.0
4408695,2021,40.770527,-73.98012,1.0
4408694,2021,40.711259999999996,-73.89986400000001,1.0
4408062,2021,40.782463,-73.97883,1.0
4408063,2021,40.620487,-74.02930500000001,1.0
4407071,2021,40.724262,-73.93766,1.0
4406821,2021,40.713398,-73.95640999999999,1.0
4407073,2021,40.59662,-74.00231,1.0
4407069,2021,40.71252,-73.93833000000001,1.0
4407509,2021,40.830307,-73.89873,1.0
4406375,2021,40.668797,-73.93113000000001,1.0
4405393,2021,40.577213,-73.96329,1.0
4404594,2021,40.61877,-73.929794,1.0
4404421,2021,40.768593,-73.98522,1.0
4404420,2021,40.69365,-73.98333000000001,1.0
4404422,2021,40.774370000000005,-73.963554,1.0
4403290,2021,40.888596,-73.89068,1.0
4401549,2021,40.771305,-73.87664000000001,1.0
4401009,2021,40.69612,-73.74619,1.0
4399845,2021,40.6414,-74.02125,1.0
4399202,2021,40.819542,-73.91353000000001,1.0
4399201,2021,40.708870000000005,-73.81871,1.0
4399035,2021,40.67412,-73.88081,1.0
4397902,2021,40.621357,-74.02198,1.0
4397849,2021,40.846577,-73.913155,1.0
4397845,2021,40.90146,-73.87875,1.0
4396626,2021,40.59325,-74.11065,1.0
4397262,2021,40.65911,-73.89922,1.0
4396621,2021,40.6722,-73.734604,1.0
4396615,2021,40.747543,-73.97079000000001,1.0
4395993,2021,40.620968,-74.12374,1.0
4395193,2021,40.70089,-73.94221,1.0
4394263,2021,40.70774,-73.95361,1.0
4394349,2021,40.6742,-73.99984,1.0
4394172,2021,40.787224,-73.95416999999999,1.0
4393349,2021,40.87892,-73.90479,1.0
4393789,2021,40.678722,-73.952995,1.0
4392412,2021,40.616425,-74.1664,2.0
4392150,2021,40.673325,-73.84326,1.0
4392149,2021,40.62806,-74.02029,1.0
4391598,2021,40.869495,-73.82619,1.0
4389661,2021,40.757934999999996,-73.98557,1.0
4387714,2021,40.75898,-73.96244,1.0
4387617,2021,40.603615000000005,-74.06931,1.0
4385848,2021,40.616609999999994,-73.926636,1.0
4384771,2021,40.88845,-73.841965,1.0
4384065,2021,40.865532,-73.86238,1.0
4383926,2021,40.626663,-74.07565,1.0
4382929,2021,40.531895,-74.22113,1.0
4382059,2021,40.814934,-73.91496,1.0
4383881,2021,40.745841999999996,-73.70654,1.0
4390593,2021,40.64433,-73.919914,1.0
4381540,2021,40.615359999999995,-73.987076,1.0
4381003,2021,40.805557,-73.91046999999999,1.0
4380776,2021,40.601368,-73.760056,2.0
4380653,2020,40.67086,-73.99153000000001,1.0
4379392,2020,40.8047,-73.91243,1.0
4379369,2020,40.574894,-73.98662,1.0
4379374,2020,40.82802,-73.93122,1.0
4381549,2020,40.662132,-73.999275,1.0
4379386,2020,40.681484000000005,-73.84788,1.0
4379372,2020,40.714529999999996,-73.9444,1.0
4377658,2020,40.639275,-73.90746,1.0
4377662,2020,40.702686,-73.92084,1.0
4375378,2020,40.794132,-73.94281,1.0
4375377,2020,40.652752,-73.88629,2.0
4375361,2020,40.797306,-73.93446,1.0
4375381,2020,40.614456,-73.9154,1.0
4374651,2020,40.635483,-73.92381,1.0
4374650,2020,40.666588,-73.80809,1.0
4373345,2020,40.68795,-73.82502,1.0
4372732,2020,40.8511,-73.90468,1.0
4372059,2020,40.566494,-74.11377,1.0
4372060,2020,40.666187,-73.79176,1.0
4372558,2020,40.843174,-73.91196,1.0
4374772,2020,40.828,-73.84701,1.0
4370706,2020,40.711643,-73.94391999999999,1.0
4370703,2020,40.617664000000005,-73.962814,1.0
4370234,2020,40.585037,-73.95645,1.0
4370364,2020,40.72175,-73.87546,1.0
4370704,2020,40.745922,-73.97010999999999,1.0
4369771,2020,40.732033,-73.91893,1.0
4370200,2020,40.685320000000004,-73.98071,1.0
4369419,2020,40.71991,-73.809044,1.0
4369300,2020,40.651405,-73.758896,2.0
4368377,2020,40.82101,-73.86575,1.0
4369418,2020,40.74977,-73.987785,1.0
4367505,2020,40.845985,-73.884476,1.0
4367428,2020,40.678867,-73.90823,1.0
4367320,2020,40.637096,-73.93465,1.0
4366939,2020,40.771347,-73.92285,1.0
4366019,2020,40.698265,-73.93399000000001,1.0
4365099,2020,40.68419,-73.8703,1.0
4365521,2020,40.8252,-73.867714,1.0
4365518,2020,40.804695,-73.92239000000001,1.0
4364005,2020,40.875479999999996,-73.85758,1.0
4363688,2020,40.735413,-73.91835,1.0
4363262,2020,40.784943,-73.94659399999999,1.0
4362781,2020,40.705147,-73.7957,2.0
4362433,2020,40.84773,-73.85709,1.0
4362350,2020,40.865314,-73.836365,2.0
4360016,2020,40.686695,-73.81498,1.0
4359646,2020,40.784096000000005,-73.95856500000001,1.0
4358928,2020,40.630325,-74.142555,1.0
4358913,2020,40.642025,-73.99918000000001,1.0
4358910,2020,40.749283,-73.75664499999999,1.0
4358649,2020,40.87142,-73.90654,1.0
4358899,2020,40.706768,-73.75373,1.0
4358914,2020,40.748543,-73.94964,1.0
4358000,2020,40.59075,-74.08837,1.0
4357095,2020,40.688435,-73.78765,1.0
4356320,2020,40.6075,-74.14636999999999,1.0
4356322,2020,40.848793,-73.94358000000001,1.0
4355332,2020,40.660796999999995,-73.87183,1.0
4355333,2020,40.665490000000005,-73.81953399999999,3.0
4355330,2020,40.757565,-73.90191,1.0
4354958,2020,40.857903,-73.86468,1.0
4354566,2020,40.824352000000005,-73.82021999999999,1.0
4354880,2020,40.644455,-74.0183,1.0
4354569,2020,40.76889,-73.9821,1.0
4352638,2020,40.807095000000004,-73.945984,1.0
4352967,2020,0.0,0.0,1.0
4352694,2020,40.736534000000006,-73.85611,1.0
4352086,2020,40.851757,-73.88473,1.0
4351824,2020,40.77012,-73.95741,1.0
4351439,2020,40.75671,-73.986465,1.0
4351821,2020,40.85352,-73.902725,1.0
4351322,2020,40.878468,-73.82826999999999,1.0
4351313,2020,40.771522999999995,-73.914314,1.0
4350294,2020,40.814106,-73.88541,1.0
4349728,2020,40.727978,-73.871025,1.0
4350554,2020,40.752316,-73.8324,1.0
4349479,2020,40.67974,-73.87839,1.0
4349341,2020,40.679005,-73.81959499999999,1.0
4349816,2020,40.69603,-73.943535,1.0
4348462,2020,40.658295,-73.93109,1.0
4348484,2020,40.665386,-73.74493000000001,1.0
4346641,2020,40.61462,-73.968666,1.0
4346640,2020,40.808956,-73.94041,1.0
4345611,2020,40.742996000000005,-73.75073,1.0
4345623,2020,40.70113,-73.96087,1.0
4345121,2020,40.89711,-73.908066,1.0
4345572,2020,40.761547,-73.83113,1.0
4345591,2020,40.771038,-73.83413,1.0
4345021,2020,40.86817,-73.88215,1.0
4344929,2020,40.75658,-73.92975600000001,1.0
4344891,2020,40.8252,-73.867714,1.0
4344801,2020,40.74511,-73.90864,1.0
4344340,2020,40.756996,-73.90784000000001,1.0
4343914,2020,40.713497,-73.75822,1.0
4343877,2020,40.608433000000005,-74.15544,1.0
4343844,2020,40.75734,-73.98602,1.0
4343360,2020,40.854588,-73.90187,1.0
4342716,2020,40.835373,-73.842186,1.0
4342458,2020,40.7042,-73.88288,1.0
4341647,2020,40.666595,-73.87176,1.0
4340814,2020,40.707436,-73.727554,1.0
4339471,2020,40.700855,-73.86837,1.0
4339469,2020,40.59515,-73.75321,1.0
4338478,2020,40.833843,-73.94851,1.0
4338622,2020,40.693295,-73.80802,1.0
4338477,2020,40.608833000000004,-74.12118000000001,1.0
4337926,2020,40.874325,-73.86707,1.0
4337124,2020,40.861336,-73.86680600000001,1.0
4336321,2020,40.765137,-73.81944,1.0
4336574,2020,40.8344,-73.87276,1.0
4335527,2020,40.840153,-73.88571999999999,1.0
4335005,2020,40.71093,-73.813576,1.0
4334709,2020,40.674232,-73.86176999999999,1.0
4334707,2020,40.86157,-73.913185,1.0
4334710,2020,40.744762,-73.99517,1.0
4334712,2020,40.6468,-73.88495999999999,1.0
4334706,2020,40.640373,-73.89702,1.0
4334713,2020,40.840508,-73.85515,1.0
4332747,2020,40.716038,-73.86123,1.0
4332533,2020,40.724693,-73.76481,1.0
4332387,2020,40.714825,-73.95881999999999,1.0
4331886,2020,40.85738,-73.92973,1.0
4331338,2020,40.756316999999996,-73.83369,1.0
4331340,2020,40.895267,-73.86157,1.0
4331339,2020,40.605422999999995,-74.072464,1.0
4330670,2020,40.835087,-73.82538000000001,2.0
4329988,2020,40.586117,-73.93604,1.0
4330574,2020,40.732006,-73.95795,1.0
4329842,2020,40.854929999999996,-73.82616999999999,1.0
4328565,2020,40.795536,-73.977234,1.0
4328665,2020,40.662409999999994,-73.90987,1.0
4328212,2020,40.844367999999996,-73.88902,1.0
4327676,2020,40.589929999999995,-73.90059000000001,3.0
4332218,2020,40.643166,-73.9905,1.0
4328970,2020,40.634815,-73.901276,1.0
4327173,2020,40.599509999999995,-73.749794,1.0
4330492,2020,40.686659999999996,-73.8795,1.0
4326077,2020,40.62573,-73.9564,1.0
4324297,2020,40.75314,-73.87262,1.0
4324645,2020,40.657055,-73.89383000000001,1.0
4324648,2020,40.81005,-73.88724,1.0
4324167,2020,40.582584000000004,-73.83022,1.0
4323817,2020,40.826427,-73.950455,1.0
4323511,2020,40.84434,-73.892044,1.0
4322855,2020,40.838029999999996,-73.867325,1.0
4322416,2020,40.636044,-73.890686,1.0
4322261,2020,40.680305,-73.844536,1.0
4322264,2020,40.66028,-73.92576,1.0
4320573,2020,40.764896,-73.97256,1.0
4319886,2020,40.679565000000004,-73.93436,1.0
4320868,2020,40.52257,-74.19001,1.0
4319587,2020,40.643784000000004,-73.90218,1.0
4319462,2020,40.811512,-73.89053,1.0
4319421,2020,40.812622,-73.92934,1.0
4319173,2020,40.654666999999996,-73.907394,1.0
4319232,2020,40.75093,-73.89751,1.0
4318354,2020,40.74693,-73.84866,1.0
4317853,2020,40.6338,-73.8897,1.0
4318417,2020,40.809104999999995,-73.9229,1.0
4317661,2020,40.667667,-73.80715,1.0
4317560,2020,40.715145,-73.74935,1.0
4317355,2020,40.89225,-73.86140400000001,1.0
4316783,2020,40.698859999999996,-73.76271,1.0
4315469,2020,40.793816,-73.94012,1.0
4315230,2020,40.682514000000005,-73.75665,1.0
4315124,2020,40.602074,-74.1672,1.0
4314643,2020,40.689735,-73.72674,1.0
4314772,2020,40.788579999999996,-73.95528399999999,1.0
4314641,2020,40.826275,-73.85970999999999,1.0
4314396,2020,40.687447,-73.748856,1.0
4314397,2020,40.704857000000004,-73.827286,1.0
4312935,2020,40.731359999999995,-73.98257,1.0
4312203,2020,40.68326,-73.84151999999999,1.0
4310960,2020,40.643063,-73.95166,1.0
4310816,2020,40.789528000000004,-73.820435,1.0
4310365,2020,40.811428,-73.90091,2.0
4310289,2020,40.544487,-74.176506,1.0
4310287,2020,40.78694,-73.77558,1.0
4309659,2020,40.73361,-73.835915,1.0
4309394,2020,40.681923,-73.831924,1.0
4309395,2020,40.814403999999996,-73.96446999999999,1.0
4308881,2020,40.747833,-73.83301,1.0
4308570,2020,40.58667,-73.96615600000001,1.0
4307837,2020,40.74216,-73.89733000000001,1.0
4307724,2020,40.824265000000004,-73.95642,1.0
4303422,2020,40.73556,-73.915054,1.0
4301427,2020,40.760436999999996,-73.89384,1.0
4300320,2020,40.700615,-73.89673,1.0
4300493,2020,40.62474,-74.12785,1.0
4300326,2020,40.803894,-73.95821,1.0
4298306,2020,40.612293,-74.03412,1.0
4296479,2020,40.70333,-73.8638,1.0
4294313,2020,40.667835,-73.89484,1.0
4294351,2020,40.598003000000006,-73.99191,1.0
4294252,2020,40.857903,-73.86468,1.0
4293236,2020,40.663914,-73.86716,1.0
4292993,2020,40.820479999999996,-73.81809,1.0
4292870,2020,40.75565,-73.76716,1.0
4292133,2020,40.605934000000005,-74.000465,1.0
4294348,2020,40.732395000000004,-73.87644,1.0
4290824,2020,40.796356,-73.93220500000001,1.0
4289784,2020,40.8076,-73.93719,1.0
4288960,2020,40.823578000000005,-73.878136,1.0
4289605,2020,40.8651,-73.92189,1.0
4286649,2020,40.737194,-73.97447,1.0
4287217,2020,40.80777,-73.94549,1.0
4285904,2020,40.62782,-74.12125999999999,1.0
4288512,2020,40.83801,-73.87329,1.0
4284635,2020,40.73873,-73.7573,1.0
4284064,2020,40.643665000000006,-73.94203,1.0
4278634,2020,40.748398,-73.72879,4.0
4278630,2020,40.71654,-73.996994,1.0
4274978,2020,40.683516999999995,-73.75532,1.0
4274204,2020,40.621216,-73.93539,1.0
4274148,2020,40.601948,-73.99382,1.0
4273603,2020,40.688324,-73.96481999999999,1.0
4273154,2020,40.60115,-73.97839,1.0
4273507,2020,40.632782,-73.99446,1.0
4272653,2020,40.890648,-73.84875,1.0
4270026,2020,40.636590000000005,-73.994736,1.0
4269930,2020,40.737159999999996,-73.86405,1.0
4269925,2020,40.549496000000005,-74.18124399999999,1.0
4269924,2020,40.634552,-73.91476999999999,1.0
4267694,2020,40.76465,-73.823494,1.0
4267418,2019,40.805737,-73.94065,1.0
4266084,2019,40.57629,-73.968544,1.0
4264999,2019,40.80322,-73.95253000000001,1.0
4264773,2019,40.677032000000004,-73.82468399999999,1.0
4264249,2019,40.650448,-73.91111,1.0
4262391,2019,40.672670000000004,-73.99002,1.0
4263225,2019,40.764053000000004,-73.99225,1.0
4262052,2019,40.719936,-74.001434,1.0
4261339,2019,40.65433,-74.00742,1.0
4260494,2019,40.755905,-73.83044,1.0
4260442,2019,40.788579999999996,-73.95528399999999,1.0
4260517,2019,40.639996000000004,-74.00488,1.0
4258625,2019,40.587414,-73.938416,1.0
4256870,2019,40.75119,-73.90203000000001,1.0
4256869,2019,40.704155,-73.90751999999999,1.0
4254875,2019,40.796,-73.93542,1.0
4255483,2019,40.709866,-73.91119,1.0
4254178,2019,40.63742,-73.92401,1.0
4254184,2019,40.769740000000006,-73.982124,1.0
4254176,2019,40.680347,-73.79278599999999,1.0
4252982,2019,40.746033000000004,-73.93441,1.0
4252109,2019,40.692265,-73.98820500000001,1.0
4251072,2019,40.59387,-73.9818,1.0
4251411,2019,40.616295,-73.92990999999999,1.0
4251933,2019,40.616295,-73.92990999999999,1.0
4249703,2019,40.744859999999996,-73.71112,1.0
4249705,2019,40.675734999999996,-73.89686,1.0
4249421,2019,40.746047999999995,-73.89903000000001,1.0
4247599,2019,40.753765,-73.80489,1.0
4246401,2019,40.560085,-74.11318,1.0
4248132,2019,40.76315,-73.81260999999999,1.0
4242569,2019,40.739964,-73.81759,1.0
4243991,2019,40.67901,-73.91098000000001,1.0
4242570,2019,40.8283,-73.88296,1.0
4241761,2019,40.737194,-73.97447,1.0
4239304,2019,40.801753999999995,-73.93121,1.0
4237896,2019,40.84519,-73.9112,1.0
4237237,2019,40.75595,-73.99074,1.0
4237236,2019,40.623253000000005,-74.08383,1.0
4236753,2019,40.71116,-73.879074,1.0
4235971,2019,40.70058,-73.80775,1.0
4233836,2019,40.698643,-73.94697,1.0
4236734,2019,40.6094,-73.967674,1.0
4232816,2019,40.600229999999996,-73.9956,1.0
4231393,2019,40.67818,-73.870705,1.0
4231424,2019,40.76318,-73.876335,1.0
4227214,2019,40.776234,-73.943825,1.0
4227015,2019,40.661156,-73.87101,1.0
4225405,2019,40.583667999999996,-73.94843,1.0
4223691,2019,40.666934999999995,-73.782715,1.0
4227325,2019,40.612522,-73.81978000000001,1.0
4223206,2019,40.65616,-73.76736,1.0
4225404,2019,40.644,-73.976585,1.0
4220122,2019,40.680240000000005,-73.89602,1.0
4225519,2019,40.628803000000005,-73.97404,1.0
4218016,2019,40.825283,-73.88648,2.0
4216944,2019,40.752243,-73.70212,1.0
4216913,2019,40.82546,-73.8149,1.0
4217361,2019,40.598717,-73.93758000000001,1.0
4214338,2019,40.75933,-73.88511,1.0
4214054,2019,40.586746000000005,-73.81711999999999,1.0
4212116,2019,40.884285,-73.898544,1.0
4210962,2019,40.830223,-73.83404499999999,1.0
4210967,2019,40.729442999999996,-73.82551,1.0
4210973,2019,40.740913,-73.95226,1.0
4207959,2019,40.88065,-73.86494,1.0
4208186,2019,40.709568,-73.79115,1.0
4207944,2019,40.744392,-73.85889,1.0
4206893,2019,40.83664,-73.83381999999999,1.0
4207715,2019,40.673706,-73.93899,1.0
4204216,2019,40.735752000000005,-73.88051999999999,1.0
4205130,2019,40.736702,-73.95021,1.0
4202753,2019,40.68225,-73.81517,1.0
4203589,2019,40.62095,-73.9555,1.0
4203598,2019,40.870888,-73.872215,1.0
4201958,2019,40.669655,-73.99253,1.0
4198743,2019,40.60439,-73.7408,1.0
4198817,2019,40.699673,-73.94005600000001,1.0
4196472,2019,40.83489,-73.8663,1.0
4196592,2019,40.801190000000005,-73.93003,1.0
4194495,2019,40.629543,-73.96608,1.0
4194400,2019,40.710409999999996,-73.98545,1.0
4195167,2019,40.882328,-73.891655,1.0
4194033,2019,40.644814000000004,-73.90483,1.0
4189966,2019,40.714024,-73.902374,1.0
4187584,2019,40.88709,-73.87803000000001,1.0
4188033,2019,40.619984,-73.96427,1.0
4187133,2019,40.79806,-73.97554000000001,2.0
4187134,2019,40.85821,-73.91679,1.0
4188135,2019,40.826553000000004,-73.93466,1.0
4188207,2019,40.738045,-73.996346,1.0
4191640,2019,40.74463,-73.99898,1.0
4185526,2019,40.640823,-73.96531,1.0
4183333,2019,40.864227,-73.89578,1.0
4183329,2019,40.668415,-73.91042,1.0
4181646,2019,40.725918,-73.89535,1.0
4185690,2019,40.7429,-73.99280999999999,1.0
4180307,2019,40.675632,-73.89878,1.0
4215621,2019,40.7429,-73.99280999999999,1.0
4180949,2019,40.660625,-73.736275,1.0
4179924,2019,40.75112,-73.97126999999999,1.0
4179197,2019,40.656124,-74.00591,1.0
4179373,2019,40.73826,-73.79895,1.0
4179564,2019,40.70089,-73.89336,1.0
4176747,2019,40.689842,-73.850075,1.0
4175816,2019,40.633858000000004,-74.12595999999999,1.0
4175814,2019,40.7263,-73.94913000000001,1.0
4175135,2019,40.79656,-73.97225999999999,1.0
4171661,2019,40.640373,-73.89702,1.0
4170124,2019,40.666354999999996,-73.8045,1.0
4166853,2019,40.646378000000006,-73.97085,1.0
4166418,2019,40.812103,-73.94976,1.0
4165305,2019,40.762287,-73.97027,1.0
4164446,2019,40.69596,-73.964096,1.0
4163688,2019,40.739105,-73.769035,1.0
4163168,2019,40.70621,-73.93960600000001,1.0
4161641,2019,40.737682,-73.85206,1.0
4163158,2019,40.846565000000005,-73.92589,1.0
4161613,2019,40.62356,-73.927376,1.0
4162733,2019,40.64437,-73.9757,1.0
4160090,2019,40.729996,-73.91187,1.0
4163415,2019,40.667027000000004,-73.911026,1.0
4164457,2019,40.889183,-73.88906,1.0
4158497,2019,40.64165,-73.90378,1.0
4157732,2019,40.667076,-73.78265999999999,2.0
4156361,2019,40.743866,-73.82568,1.0
4156479,2019,40.671009999999995,-73.92239000000001,1.0
4156125,2019,40.623974,-74.14903000000001,1.0
4153288,2019,40.811428,-73.90091,1.0
4149499,2019,40.725506,-73.73765999999999,1.0
4148419,2019,40.65375,-73.90165999999999,1.0
4148772,2019,40.605213,-74.012375,1.0
4147255,2019,40.608204,-73.920715,2.0
4149584,2019,40.519127000000005,-74.19714,1.0
4143519,2019,40.701443,-73.74134000000001,1.0
4141979,2019,40.843765000000005,-73.88546,1.0
4140899,2019,40.666354999999996,-73.8045,1.0
4140593,2019,40.656082,-73.95306,1.0
4140045,2019,40.681473,-73.784676,1.0
4138529,2019,40.799458,-73.95154000000001,1.0
4137834,2019,40.89165,-73.86453,1.0
4135659,2019,40.69917,-73.79953,1.0
4138599,2019,40.737328000000005,-73.99266,1.0
4134167,2019,40.720837,-73.997665,1.0
4133336,2019,40.717743,-73.93679,1.0
4133718,2019,40.626754999999996,-73.98598,1.0
4130445,2019,40.605072,-73.92988000000001,1.0
4129647,2019,40.67657,-73.94431,1.0
4135761,2019,40.576275,-73.98796,1.0
4129489,2019,40.756046000000005,-73.88073,1.0
4128180,2019,40.62737,-73.89969,1.0
4125276,2019,40.681736,-73.8051,1.0
4125112,2019,40.679325,-73.9193,1.0
4124445,2019,40.602455,-73.99929,1.0
4124965,2019,40.74593,-73.8563,1.0
4122020,2019,40.639645,-74.00883499999999,1.0
4121753,2019,40.75326,-74.00383000000001,1.0
4120706,2019,40.76432,-73.9772,1.0
4118000,2019,40.610256,-74.13231999999999,1.0
4116545,2019,40.603573,-73.759315,1.0
4116560,2019,40.630672,-73.981895,1.0
4116539,2019,40.523579999999995,-74.187225,1.0
4115535,2019,40.854904,-73.92965,1.0
4116087,2019,40.828976000000004,-73.9486,1.0
4114335,2019,40.777015999999996,-73.79335999999999,1.0
4113052,2019,40.812077,-73.88681,1.0
4112826,2019,40.681656,-73.72783000000001,1.0
4111839,2019,40.763490000000004,-73.86079000000001,1.0
4110138,2019,40.66518,-73.83175,1.0
4110549,2019,40.66563,-73.73921,1.0
4108883,2019,40.72857,-73.85809,1.0
4109052,2019,40.71008,-74.01639,1.0
4109051,2019,40.632884999999995,-73.94771,1.0
4108103,2019,40.642384,-73.92539000000001,1.0
4105767,2019,40.62853,-73.9221,1.0
4105602,2019,40.660656,-73.885796,1.0
4102924,2019,40.617443,-74.02840400000001,1.0
4101585,2019,40.82269,-73.94946999999999,1.0
4096754,2019,40.74223,-73.95885,1.0
4095793,2019,40.661728000000004,-73.88331,1.0
4095340,2019,40.84299,-73.82625,1.0
4094927,2019,40.648540000000004,-73.924255,1.0
4095140,2019,40.834915,-73.89413499999999,1.0
4094050,2019,40.673233,-73.76394,1.0
4093707,2019,40.544487,-74.176506,1.0
4094701,2019,40.711216,-73.94043,1.0
4092782,2019,40.605244,-73.941284,1.0
4091102,2019,40.742676,-73.839516,1.0
4093743,2019,40.74694,-73.89050999999999,1.0
4090814,2019,40.608746000000004,-73.95829,1.0
4088441,2019,40.742863,-74.003975,1.0
4091103,2019,40.708009999999994,-73.95673000000001,1.0
4086512,2019,40.730137,-73.86236600000001,1.0
4083761,2019,40.712914000000005,-73.917496,1.0
4082805,2019,40.666405,-73.74538000000001,1.0
4081177,2019,40.747627,-73.97674599999999,1.0
4080764,2019,40.825866999999995,-73.84647,1.0
4079289,2019,40.84519,-73.9112,2.0
4077394,2019,40.5953,-74.1619,1.0
4075437,2019,40.755984999999995,-73.72724000000001,1.0
4075416,2019,40.55682,-74.13603,1.0
4074720,2019,40.759163,-73.988396,1.0
4074627,2019,40.666306,-73.79171,1.0
4072984,2019,40.78268,-73.95326999999999,1.0
4070586,2019,40.66615,-73.80575,2.0
4069339,2019,40.60438,-73.97397600000001,1.0
4069359,2019,40.616077000000004,-74.037384,1.0
4068862,2019,40.768536,-73.786705,1.0
4071106,2019,40.808483,-73.964966,1.0
4058463,2019,40.60032,-73.9429,1.0
4058662,2019,40.833843,-73.94851,1.0
4058602,2019,40.70663,-73.7666,1.0
4057351,2019,40.894093,-73.86265999999999,1.0
4057104,2019,40.735634000000005,-73.87602,1.0
4060356,2019,40.646637,-74.01589,1.0
4066754,2019,40.763416,-73.92844000000001,1.0
4064908,2019,40.725784000000004,-73.87003,1.0
4056490,2019,40.809104999999995,-73.9229,1.0
4061640,2019,40.668667,-73.868324,1.0
4061310,2019,40.595642,-73.99676,1.0
4060483,2019,40.661163,-74.00069,1.0
4060509,2018,40.612747,-74.12711999999999,1.0
4055911,2018,40.749653,-73.88525,1.0
4056090,2018,40.722324,-74.01178,1.0
4056110,2018,40.748062,-73.87984499999999,1.0
4049397,2018,40.715740000000004,-74.00169,1.0
4048562,2018,40.53759,-74.15884399999999,1.0
4047766,2018,40.659172,-73.839874,1.0
4055926,2018,40.772459999999995,-73.96705,1.0
4046668,2018,40.734768,-73.87459,1.0
4055924,2018,40.819041999999996,-73.81724,1.0
4056119,2018,40.823640000000005,-73.87994,1.0
4056208,2018,40.674385,-73.87897,1.0
4056172,2018,40.63791,-73.97864,1.0
4055783,2018,40.588223,-73.97168,1.0
4054543,2018,40.660027,-73.96061,1.0
4041762,2018,40.68443,-73.99491,1.0
4056223,2018,40.86463,-73.892136,1.0
4040481,2018,40.661488,-73.89389,1.0
4046437,2018,40.58977,-73.93791999999999,1.0
4036267,2018,40.912468,-73.902596,1.0
4036456,2018,40.58566,-73.94107,1.0
4034543,2018,40.703712,-73.7496,1.0
4048127,2018,40.702995,-73.91107,1.0
4055916,2018,40.715621999999996,-73.994286,1.0
4043921,2018,40.780857,-73.95882399999999,1.0
4031649,2018,40.65616,-73.76736,1.0
4029286,2018,40.747433,-73.70810999999999,1.0
4034662,2018,40.715034,-73.99681,1.0
4019572,2018,40.65768,-73.925415,1.0
4019525,2018,40.71716,-73.846695,1.0
4017859,2018,40.745865,-73.926704,2.0
4018125,2018,40.77306,-73.82468399999999,1.0
4017851,2018,40.653873,-74.008156,1.0
4017023,2018,40.726036,-73.79085500000001,1.0
4016675,2018,40.757946000000004,-73.78671,1.0
4016011,2018,40.70153,-73.82341,1.0
4016335,2018,40.84193,-73.88582,1.0
4014829,2018,40.731777,-73.81753499999999,1.0
4014731,2018,40.75458,-73.99915,1.0
4013263,2018,40.769096000000005,-73.833664,1.0
4014734,2018,40.726209999999995,-73.920525,1.0
4011723,2018,40.623909999999995,-74.16741,1.0
4011711,2018,40.848682000000004,-73.939224,1.0
4009057,2018,40.745293,-73.9985,1.0
4004026,2018,40.73376,-73.93743,1.0
4003874,2018,40.745304,-73.82595,1.0
4003356,2018,40.613335,-73.99277,1.0
4002934,2018,40.70664,-73.94818000000001,1.0
4002768,2018,40.624477,-74.00819,1.0
4001393,2018,40.786545000000004,-73.95255999999999,1.0
3999808,2018,40.690975,-73.753815,1.0
3998712,2018,40.5839,-73.93874,1.0
3997948,2018,40.66955,-73.94497,1.0
3995906,2018,40.71333,-73.84270500000001,1.0
3995987,2018,40.70547,-73.95024000000001,1.0
3994362,2018,40.776317999999996,-73.962135,1.0
3993193,2018,40.73988,-73.99871999999999,1.0
3992083,2018,40.73832,-73.70374,1.0
3992791,2018,40.642070000000004,-73.93037,1.0
3992025,2018,40.895195,-73.88011999999999,1.0
3991719,2018,40.881958000000004,-73.81660500000001,1.0
3992030,2018,40.830402,-73.837654,1.0
3989133,2018,40.603275,-73.99606,1.0
3987339,2018,40.819829999999996,-73.841934,1.0
3987400,2018,40.690684999999995,-73.78161,1.0
3985715,2018,40.668976,-73.90668000000001,1.0
3986977,2018,40.617897,-74.02931,1.0
3984425,2018,40.693659999999994,-73.85217,1.0
3986975,2018,40.624103999999996,-73.9177,1.0
3984822,2018,40.72919,-73.98724,1.0
3983109,2018,40.663920000000005,-73.79111,1.0
3983309,2018,40.743137,-73.91585500000001,1.0
3982829,2018,40.694,-73.92351,1.0
3981443,2018,40.769283,-73.82445,1.0
3980927,2018,40.787506,-73.9383,1.0
3980123,2018,40.76912,-73.95505,1.0
3980752,2018,40.633606,-73.91623,1.0
3978574,2018,40.826622,-73.930984,1.0
4181883,2018,40.815525,-73.89503,1.0
3978573,2018,40.757877,-73.85951999999999,1.0
3975606,2018,40.76975,-73.96061,1.0
3974758,2018,40.608128,-73.98738,1.0
3975191,2018,40.831512,-73.877,1.0
3972979,2018,40.76471,-73.830696,1.0
3972891,2018,40.835873,-73.8699,1.0
3973187,2018,40.647717,-73.91535,1.0
3972837,2018,40.739290000000004,-73.85288,1.0
3973645,2018,40.846825,-73.89705,1.0
3965498,2018,40.57281,-73.99916,1.0
3964989,2018,40.690544,-73.95859,1.0
3964624,2018,40.82,-73.81061,1.0
3965198,2018,40.72419,-73.790886,1.0
3964794,2018,40.842335,-73.91223000000001,1.0
3967309,2018,40.842514,-73.871544,1.0
3964340,2018,40.87746,-73.85374499999999,1.0
3963555,2018,40.728390000000005,-73.83301999999999,1.0
3961655,2018,40.661488,-73.89389,1.0
3961007,2018,40.718815,-73.793274,1.0
3961152,2018,40.706367,-73.925354,1.0
3959009,2018,40.772415,-73.97874,1.0
3956315,2018,40.760532,-73.753716,1.0
3956141,2018,40.654156,-73.838646,1.0
3953279,2018,40.854820000000004,-73.9112,1.0
3954017,2018,40.693659999999994,-73.85217,1.0
3956142,2018,40.57951,-73.83811,1.0
3949938,2018,40.610504,-73.95767,1.0
3947274,2018,40.77309,-73.91108,1.0
3945367,2018,40.705284000000006,-73.90635999999999,1.0
3944536,2018,40.793186,-73.94057,1.0
3941966,2018,40.712486,-73.9919,1.0
3941474,2018,40.903553,-73.905235,1.0
3939854,2018,40.60567,-74.03094499999999,1.0
3940005,2018,40.67505,-73.73321999999999,1.0
3939970,2018,40.589134,-73.80098000000001,1.0
3936779,2018,40.810276,-73.94738000000001,1.0
3936682,2018,40.826786,-73.890915,1.0
3935962,2018,40.705605,-73.94627,1.0
3935255,2018,40.63145,-73.887085,1.0
3986976,2018,40.765167,-73.819084,1.0
3932267,2018,40.818012,-73.92519,1.0
3932796,2018,40.650504999999995,-74.01172,1.0
3932622,2018,40.700523,-73.89888,1.0
3931859,2018,40.662712,-73.99568000000001,1.0
3931654,2018,40.63313,-74.075356,1.0
3930286,2018,40.706917,-73.93972,1.0
3929463,2018,40.78405,-73.79474,1.0
3928142,2018,40.70476,-73.91996,1.0
3928256,2018,40.709457,-73.75604,1.0
3927434,2018,40.6818,-73.88978,1.0
3929467,2018,40.789528000000004,-73.820435,1.0
3925115,2018,40.676109999999994,-73.905594,1.0
3929464,2018,40.70276,-73.94546,1.0
3922685,2018,40.886295000000004,-73.847916,1.0
3923005,2018,40.623870000000004,-74.07921999999999,1.0
3923395,2018,40.709602000000004,-73.991936,1.0
3931036,2018,40.657665,-73.89705,1.0
3920628,2018,40.819340000000004,-73.93012,1.0
3919314,2018,40.630383,-73.895004,1.0
3920177,2018,40.695095,-73.8058,1.0
3918960,2018,40.760822,-73.99831999999999,1.0
3917226,2018,40.65418,-73.91068,1.0
3915161,2018,40.759567,-73.83015,1.0
3911255,2018,40.745975,-73.948074,1.0
3910249,2018,40.686496999999996,-73.9168,1.0
3912745,2018,40.57322,-74.106995,1.0
3908475,2018,40.856743,-73.89527,1.0
3908480,2018,40.702538,-73.73626,1.0
3911120,2018,40.703293,-73.7961,1.0
3905354,2018,40.757442,-73.86747,1.0
3905867,2018,40.672290000000004,-73.913124,1.0
3903637,2018,40.846874,-73.90876999999999,1.0
3895824,2018,40.731274,-73.81926,1.0
3895435,2018,40.669518,-73.89424,1.0
3893656,2018,40.778477,-73.98546,1.0
3892146,2018,40.601734,-73.935036,2.0
3890621,2018,40.665684000000006,-73.820435,1.0
3889941,2018,40.70731,-73.80425,1.0
3890192,2018,40.754387,-73.89653,1.0
3889427,2018,40.701344,-74.01252,1.0
3890196,2018,40.816032,-73.90809,1.0
3889188,2018,40.866153999999995,-73.86155,1.0
3886456,2018,40.879814,-73.86149,1.0
3886943,2018,40.72844,-73.87116,1.0
3886573,2018,40.81588,-73.96056,1.0
3886477,2018,40.844524,-73.902725,1.0
3890689,2018,40.62894,-74.116196,1.0
3886232,2018,40.813347,-73.958626,1.0
4025853,2018,40.73858,-73.9846,1.0
3876692,2018,40.652786,-73.91996999999999,1.0
3875157,2018,40.8685,-73.82158000000001,1.0
3873906,2018,40.674929999999996,-73.86607,1.0
3870600,2018,40.781684999999996,-73.84038000000001,1.0
3870847,2018,40.73403,-73.723656,1.0
3868313,2018,40.75998,-73.85658000000001,1.0
3869405,2018,40.851845000000004,-73.893036,1.0
3864721,2018,40.8685,-73.832596,1.0
3864301,2018,40.624943,-73.927536,1.0
3861144,2018,40.714333,-73.92945999999999,1.0
3860004,2018,40.748490000000004,-73.728516,1.0
3870145,2018,40.679707,-73.9049,1.0
3857786,2018,40.736668,-73.997345,1.0
3856972,2018,40.66917,-73.98631,2.0
3855433,2018,40.636387,-73.94611,1.0
3855267,2018,40.613403000000005,-73.98071,1.0
3857353,2018,40.81899,-73.89185,1.0
3854152,2018,40.852672999999996,-73.919106,1.0
3854687,2018,40.7011,-73.84156999999999,1.0
3854056,2018,40.742256,-73.97768,1.0
3853162,2018,40.812725,-73.94931,1.0
3850374,2018,40.603405,-74.08328,1.0
3849760,2018,40.748965999999996,-73.75816999999999,1.0
3849145,2018,40.7056,-73.85821999999999,1.0
3848024,2018,40.68983,-73.97863000000001,1.0
3846034,2018,40.745888,-73.907265,1.0
3845944,2018,40.70793,-73.78383000000001,1.0
3842278,2018,40.691628,-73.811874,1.0
3841066,2018,40.665634000000004,-73.758156,1.0
3840755,2018,40.585464,-74.19232,1.0
3840581,2018,40.656063,-73.93956999999999,1.0
3839520,2018,40.87151,-73.87057,1.0
3839647,2018,40.7379,-73.714775,1.0
3839291,2018,40.676003,-73.86539499999999,1.0
3835682,2018,40.684963,-73.935455,1.0
3835579,2018,40.885086,-73.85194,1.0
3833536,2018,40.72498,-73.794235,1.0
3832210,2018,40.801285,-73.95394,1.0
3832804,2018,40.684956,-73.87456999999999,1.0
3830736,2018,40.71091,-73.85373,1.0
3829376,2018,40.72971,-73.82451,1.0
3827916,2018,40.846565000000005,-73.92589,1.0
3826157,2018,40.823634999999996,-73.93095,1.0
3826154,2018,40.769283,-73.82445,1.0
3823279,2018,40.583733,-74.08655,1.0
3822943,2018,40.756336,-73.87794,1.0
3821750,2017,40.703655,-73.822464,1.0
3818410,2017,40.65473,-73.90692,1.0
3818310,2017,40.716194,-73.996086,1.0
3815839,2017,40.78221,-73.95993,1.0
3815346,2017,40.711845000000004,-73.859764,1.0
3814211,2017,40.714529999999996,-73.9444,1.0
3811745,2017,40.61956,-74.01536999999999,1.0
3817238,2017,40.640694,-74.0777,1.0
3807661,2017,40.60683,-73.9431,1.0
3805804,2017,40.660328,-73.88656,1.0
3803508,2017,40.677654,-73.82866,1.0
3805813,2017,40.80332,-73.97263000000001,1.0
3803785,2017,40.666573,-73.78631999999999,1.0
3801914,2017,40.689021999999994,-73.81697,1.0
3798385,2017,40.68714,-73.98124,1.0
3798533,2017,40.660225,-73.99459,1.0
3797871,2017,40.59281,-73.97877,1.0
3798523,2017,40.762264,-73.78527,1.0
3795348,2017,40.63739,-73.91038,1.0
3792442,2017,40.674988,-73.856544,1.0
3794170,2017,40.719543,-73.85914,1.0
3789538,2017,40.608222999999995,-74.1294,1.0
3789099,2017,40.739666,-73.898834,1.0
3788505,2017,40.69614,-73.81789,1.0
3789311,2017,40.717926,-73.98568,1.0
3787217,2017,40.88415,-73.82607,1.0
3787236,2017,40.63932,-74.02356,1.0
3784958,2017,40.718792,-73.93726,1.0
3785404,2017,40.882709999999996,-73.88125600000001,1.0
3784755,2017,40.60168,-74.1633,2.0
3782819,2017,40.75628,-73.7211,1.0
3781606,2017,40.712616,-73.96951,1.0
3781402,2017,40.61292,-74.13077,1.0
3781607,2017,40.65097,-73.97698000000001,1.0
3782508,2017,40.729046000000004,-74.01073000000001,8.0
3776236,2017,40.743008,-73.77758,1.0
3776789,2017,40.84252,-73.84528,1.0
3774498,2017,40.75196,-73.85455999999999,1.0
3773914,2017,40.604153000000004,-74.05198,1.0
3773821,2017,40.83643,-73.87415,1.0
3773458,2017,40.807808,-73.92384,1.0
3771366,2017,40.715559999999996,-73.87828,1.0
3771589,2017,40.817802,-73.90089,1.0
3770611,2017,40.65055,-73.902245,1.0
3769539,2017,40.653656,-73.86239,1.0
3768864,2017,40.674423,-74.00033,1.0
3768601,2017,40.778605999999996,-73.98163000000001,1.0
3766252,2017,40.895523,-73.8504,1.0
3764510,2017,40.545456,-74.23052,1.0
3762632,2017,40.60118,-73.99098000000001,1.0
3761217,2017,40.671898,-73.92231,1.0
3761143,2017,40.650806,-73.94958000000001,1.0
3761841,2017,40.727776,-73.92902,1.0
3758363,2017,40.78318,-73.94362,1.0
3757426,2017,40.701763,-73.81618,1.0
3757402,2017,40.680415999999994,-73.763054,1.0
3756408,2017,40.590717,-74.194,1.0
3756403,2017,40.853115,-73.927246,1.0
3752786,2017,40.762978000000004,-73.83198,4.0
3762112,2017,40.76113,-73.85851,1.0
3755127,2017,40.605568,-74.03118,1.0
3749952,2017,40.718628,-74.00255,1.0
3750308,2017,40.663555,-73.93162,1.0
3749192,2017,40.75585,-73.88259000000001,1.0
3749477,2017,40.768485999999996,-73.96361999999999,1.0
3750252,2017,40.750534,-73.98175,1.0
3748240,2017,40.862614,-73.890114,1.0
3747815,2017,40.641953,-73.9885,1.0
3747800,2017,40.742657,-73.846214,1.0
3745288,2017,40.71331,-73.785225,1.0
3743081,2017,40.84482,-73.837,1.0
3744710,2017,40.669098,-73.93666,1.0
3742517,2017,40.607258,-73.96727,1.0
3740806,2017,40.697829999999996,-73.93677,1.0
3738569,2017,40.755234,-73.94124599999999,1.0
3738548,2017,40.839207,-73.82536999999999,1.0
3737565,2017,40.755444,-73.776375,1.0
3737452,2017,40.865359999999995,-73.87043,1.0
3735037,2017,40.885952,-73.8279,1.0
3734747,2017,40.67054,-73.820885,1.0
3733445,2017,40.832535,-73.85797,1.0
3732658,2017,40.7608,-73.93915,1.0
3732521,2017,40.676342,-73.910934,1.0
3732516,2017,40.812744,-73.93764499999999,1.0
3732511,2017,40.718272999999996,-74.00533,1.0
3732510,2017,40.643456,-73.972725,1.0
3729441,2017,40.700855,-73.86837,1.0
3728617,2017,40.596084999999995,-73.76216,1.0
3727904,2017,40.89155,-73.86179,1.0
3727247,2017,40.745384,-73.99471,1.0
3725371,2017,40.7174,-73.8572,1.0
3727452,2017,40.79672,-73.97618,1.0
3727449,2017,40.684082000000004,-73.90864,1.0
3724909,2017,40.713966,-73.92454000000001,1.0
3722985,2017,40.728657,-73.86326600000001,1.0
3723789,2017,40.70402,-73.8317,1.0
3720702,2017,40.715553,-73.98976,1.0
3720674,2017,40.856056,-73.83293,1.0
3720067,2017,40.755398,-73.77654,1.0
3720675,2017,40.768436,-73.96155999999999,1.0
3719871,2017,40.74,-73.73855,1.0
3719275,2017,40.53117,-74.22361,1.0
3722560,2017,40.786175,-73.9457,1.0
3717065,2017,40.598343,-73.98172,1.0
3716167,2017,40.72846,-73.95737,1.0
3716122,2017,40.66709,-73.76375999999999,1.0
3714277,2017,40.745723999999996,-73.97813000000001,1.0
3712442,2017,40.63555,-73.97803,1.0
3712489,2017,40.677174,-73.924774,1.0
3712487,2017,40.620865,-73.935,1.0
3712016,2017,40.722095,-73.77772,2.0
3711480,2017,40.73952,-73.986855,1.0
3711491,2017,40.609356,-74.06265,1.0
3709467,2017,40.677338,-73.927536,1.0
3708937,2017,40.877068,-73.90610500000001,1.0
3706978,2017,40.661568,-73.95073000000001,1.0
3706979,2017,40.71772,-73.737915,1.0
3706826,2017,40.721523,-73.941795,1.0
3704133,2017,40.81328,-73.89749,1.0
3703411,2017,40.727715,-73.99118,1.0
3704068,2017,40.828617,-73.89111,1.0
3702911,2017,40.730109999999996,-73.86509000000001,1.0
3702495,2017,40.694305,-73.91852,1.0
3701440,2017,40.71427,-73.97494499999999,1.0
3701413,2017,40.767815,-73.98951,1.0
3699681,2017,40.716194,-73.996086,1.0
3699032,2017,40.651140000000005,-73.89,1.0
3697906,2017,40.746033000000004,-73.93441,1.0
3696154,2017,40.632965000000006,-73.92643000000001,1.0
3694280,2017,40.635506,-73.91328399999999,1.0
3692425,2017,40.747852,-73.99291,1.0
3692535,2017,40.71184,-73.75409,2.0
3690274,2017,40.747203999999996,-73.99710999999999,1.0
3690419,2017,40.813373999999996,-73.93058,1.0
3688361,2017,40.513874,-74.23668,1.0
3691123,2017,40.631924,-74.01649499999999,1.0
3692554,2017,40.848,-73.89243,1.0
3686538,2017,40.57104,-74.10919,1.0
3680418,2017,40.754208,-73.812225,1.0
3685764,2017,40.832012,-73.85621,1.0
3678748,2017,40.70313,-73.816795,1.0
3675996,2017,40.762062,-73.98363499999999,1.0
3676156,2017,40.707153000000005,-73.8189,1.0
3673559,2017,40.756035,-73.98695,1.0
3685146,2017,40.764072,-73.86705,1.0
3671101,2017,40.733612,-73.999565,1.0
4024300,2017,40.711566999999995,-74.01579,1.0
3667658,2017,40.711566999999995,-74.01579,1.0
3665586,2017,40.6575,-73.839455,1.0
3663662,2017,40.738785,-73.98886999999999,1.0
3659316,2017,40.84211,-73.82557,1.0
3661817,2017,40.620686,-74.11001999999999,1.0
3659456,2017,40.806164,-73.909134,1.0
3661831,2017,40.8305,-73.861626,1.0
3659156,2017,40.845985,-73.884476,1.0
3655948,2017,40.820305,-73.89083000000001,1.0
3655558,2017,40.674953,-73.80205,1.0
3655374,2017,40.77071,-73.95094,1.0
3661654,2017,40.7011,-73.84156999999999,1.0
3652953,2017,40.798256,-73.82744,1.0
3652675,2017,40.65616,-73.76736,2.0
3652951,2017,40.72048,-73.780106,1.0
3651191,2017,40.818515999999995,-73.93765,1.0
3650467,2017,40.87831,-73.87015500000001,1.0
3649733,2017,40.709694,-73.79352,1.0
3648869,2017,40.714176,-73.92774,1.0
3649309,2017,40.611286,-74.108734,1.0
3648680,2017,40.67066,-73.904205,1.0
3645566,2017,40.728195,-73.984886,1.0
3645850,2017,40.615788,-74.01214,1.0
3644287,2017,40.725243,-73.933914,1.0
3642997,2017,40.74576,-73.92581,1.0
3640357,2017,40.84603,-73.93034,1.0
3637867,2017,40.8047,-73.91243,1.0
3638391,2017,40.83863,-73.93348,1.0
3638230,2017,40.76813,-73.87625,1.0
3635792,2017,40.892235,-73.88481,1.0
3635027,2017,40.8827,-73.89273,1.0
3633364,2017,40.82842,-73.86068,1.0
3632869,2017,40.714314,-73.97480999999999,1.0
3633353,2017,40.676342,-73.910934,1.0
3630562,2017,40.685963,-73.85654,1.0
3631860,2017,40.750885,-73.81942,1.0
3627397,2017,40.726852,-73.93413000000001,1.0
3628395,2017,40.85819,-73.88435,1.0
3628396,2017,40.598476,-73.93141,1.0
3628393,2017,40.714462,-73.98165999999999,1.0
3626043,2017,40.751835,-73.82427,1.0
3624204,2017,40.758125,-73.928505,1.0
3623635,2017,40.609809999999996,-73.92251,1.0
3624386,2017,40.707653,-73.93984,1.0
3621114,2017,40.793377,-73.97086,1.0
3625512,2017,40.820809999999994,-73.81236,1.0
3617441,2017,40.896595,-73.86081,2.0
3616636,2017,40.634033,-73.88933,1.0
3624139,2017,40.737263,-73.940025,1.0
3611283,2017,40.872322,-73.90659000000001,1.0
3610970,2017,40.546207,-74.21177,1.0
3609495,2017,40.748203000000004,-73.84962,1.0
3606958,2017,40.576828000000006,-73.9651,1.0
3603540,2017,40.75332,-73.972595,1.0
3603741,2017,40.864605,-73.92325,1.0
3602913,2017,40.60518,-73.98018,1.0
3600993,2017,40.594646000000004,-73.95656600000001,1.0
3601146,2017,40.65153,-73.96303,1.0
3600493,2017,40.749159999999996,-73.88991,1.0
3596606,2017,40.745304,-73.82595,1.0
3595905,2017,40.591105999999996,-73.96513,1.0
3595430,2017,40.651157,-73.918144,1.0
3595536,2017,40.711166,-73.9489,1.0
3595449,2017,40.5916,-73.960686,1.0
3592880,2017,40.863945,-73.86452,1.0
3591307,2017,40.616043,-73.94484,1.0
3590036,2017,40.608494,-73.97593,1.0
3590027,2017,40.66675,-73.779945,1.0
3590038,2017,40.677498,-73.87149000000001,1.0
3590316,2017,40.866153999999995,-73.86155,1.0
3588534,2016,40.715427000000005,-73.72918,1.0
3588549,2016,40.651140000000005,-73.89,1.0
3588439,2016,40.844604,-73.90348,3.0
3587620,2016,40.848929999999996,-73.890465,1.0
3587851,2016,40.509674,-74.247475,1.0
3583299,2016,40.76079,-73.935936,1.0
3582811,2016,40.677658,-73.89837,1.0
3583026,2016,40.602688,-73.93355600000001,1.0
3580092,2016,40.8213,-73.88033,1.0
3580224,2016,40.867515999999995,-73.83228000000001,1.0
3579244,2016,40.62764,-73.99656999999999,1.0
3579106,2016,40.728390000000005,-73.83301999999999,1.0
3576771,2016,40.710625,-73.8519,1.0
3577121,2016,40.679466,-73.90037,1.0
3576805,2016,40.757732,-73.99686,1.0
3575461,2016,40.694843,-73.95248000000001,1.0
3573709,2016,40.756405,-73.85349000000001,1.0
3572566,2016,40.657413,-73.983,1.0
3572530,2016,40.641396,-73.98908,1.0
3565687,2016,40.866046999999995,-73.88274399999999,1.0
3563664,2016,40.890675,-73.89777,1.0
3563662,2016,40.591105999999996,-73.96513,1.0
3564661,2016,40.773594,-73.91179,1.0
3562386,2016,40.790209999999995,-73.97504,1.0
3562394,2016,40.898876,-73.85539,1.0
3560955,2016,40.826523,-73.93115999999999,1.0
3559113,2016,40.684146999999996,-73.922966,1.0
3559903,2016,40.849540000000005,-73.93641,1.0
3559543,2016,40.740035999999996,-73.70241999999999,1.0
3561330,2016,40.616833,-74.003334,1.0
3557906,2016,40.809104999999995,-73.9229,1.0
3558813,2016,40.799984,-73.944855,1.0
3555856,2016,40.753326,-73.98055,1.0
3554348,2016,40.70313,-73.816795,1.0
3554434,2016,40.749306,-73.86140999999999,1.0
3552736,2016,40.882664,-73.85995,1.0
3551849,2016,40.712616,-73.96951,1.0
3549079,2016,40.76318,-73.876335,1.0
3546615,2016,40.671196,-73.84295999999999,1.0
3545254,2016,40.56241,-74.19723499999999,1.0
3548013,2016,40.822533,-73.88509,1.0
3546476,2016,40.804474,-73.9219,1.0
3546475,2016,40.702663,-74.012886,1.0
3543581,2016,40.836346,-73.85221999999999,1.0
3540378,2016,40.863884000000006,-73.91069,1.0
3541065,2016,40.83468,-73.944435,1.0
3540377,2016,40.60485,-74.02559000000001,1.0
3540175,2016,40.86268,-73.90905,1.0
3537427,2016,40.8252,-73.91476,1.0
3537480,2016,40.615654,-74.12751,1.0
3537213,2016,40.624653,-73.96618000000001,1.0
3537210,2016,0.0,0.0,1.0
3533993,2016,40.69775,-73.81393,1.0
3535357,2016,40.744724,-74.008385,1.0
3539437,2016,40.812744,-73.93764499999999,1.0
3534107,2016,40.719933000000005,-73.97876,1.0
3532239,2016,40.626663,-74.07565,1.0
3529590,2016,40.59241,-73.789,1.0
3529595,2016,40.6848,-73.95640999999999,1.0
3530116,2016,40.657078000000006,-73.88917,1.0
3529550,2016,40.797306,-73.93446,1.0
3528085,2016,40.676968,-73.83527,1.0
3527834,2016,40.761146999999994,-73.97952,1.0
3527833,2016,40.598816,-73.93675999999999,1.0
3523097,2016,40.66362,-73.777176,1.0
3524203,2016,40.769059999999996,-73.961105,1.0
3524202,2016,40.83527,-73.832245,1.0
3522739,2016,40.601883,-73.99369,1.0
3519074,2016,40.810684,-73.95452,1.0
3517077,2016,40.679005,-73.81959499999999,1.0
3515998,2016,40.60784,-73.961975,1.0
3514410,2016,40.771640000000005,-73.87285,1.0
3512602,2016,40.762170000000005,-73.7568,1.0
3511547,2016,40.730366,-73.91388,3.0
3511634,2016,40.761596999999995,-73.9246,1.0
3509782,2016,40.828976000000004,-73.87640999999999,1.0
3511878,2016,40.849686,-73.86393000000001,1.0
3509394,2016,40.724262,-73.93745,1.0
3509684,2016,40.732346,-73.98495,1.0
3508427,2016,40.641247,-73.99337,1.0
3506470,2016,40.761993,-73.75849000000001,1.0
3506599,2016,40.59018,-74.088875,1.0
3505882,2016,40.793324,-73.974625,1.0
3505267,2016,40.841278,-73.86359,1.0
3503160,2016,40.663016999999996,-73.94003000000001,1.0
3504319,2016,40.795586,-73.950165,1.0
3502130,2016,40.6094,-74.09011,1.0
3502064,2016,40.685276,-73.77241,1.0
3500509,2016,40.703434,-73.74051,1.0
3500682,2016,40.75412,-73.881325,1.0
3497660,2016,40.7238,-73.8367,1.0
3496328,2016,40.82325,-73.88277,1.0
3495093,2016,40.677357,-73.896225,1.0
3499129,2016,40.82615,-73.87765999999999,1.0
3492923,2016,40.682747,-73.87536999999999,2.0
3488988,2016,40.681346999999995,-73.804344,1.0
3482130,2016,40.593146999999995,-73.92548000000001,1.0
3484920,2016,40.679522999999996,-73.81076999999999,1.0
3480991,2016,40.718384,-73.95714,1.0
3479022,2016,40.841274,-73.91762,1.0
3477453,2016,40.80988,-73.90308,1.0
3478088,2016,40.769993,-73.915825,1.0
3476445,2016,40.69377,-73.73578,1.0
3485898,2016,40.743973,-73.8851,1.0
3473682,2016,40.87233,-73.86519,1.0
3473115,2016,40.665915999999996,-73.92546999999999,1.0
3472763,2016,40.71148,-73.9456,1.0
3473019,2016,40.759983,-73.96480600000001,1.0
3472698,2016,40.8252,-73.867714,1.0
3470368,2016,40.781025,-73.981316,1.0
3468469,2016,40.60686,-74.1158,1.0
3467663,2016,40.77496,-73.9589,1.0
3464887,2016,40.59981,-74.178246,3.0
3464286,2016,40.881744,-73.85706,1.0
3467761,2016,40.69024,-73.99436999999999,1.0
3467664,2016,40.769740000000006,-73.982124,1.0
3468167,2016,40.654312,-73.91759,1.0
3463407,2016,40.764988,-73.82066999999999,1.0
3463576,2016,40.740916999999996,-73.9881,1.0
3461621,2016,40.73376,-73.93743,1.0
3461814,2016,40.717186,-74.0129,1.0
3638938,2016,40.83527,-73.832245,1.0
3461223,2016,40.823640000000005,-73.82209,1.0
4022964,2016,40.66447,-73.89593,1.0
3458373,2016,40.785492,-73.984116,1.0
3457179,2016,40.697186,-73.92884000000001,1.0
3458279,2016,40.754707,-73.99164,1.0
3455846,2016,40.831759999999996,-73.93543000000001,1.0
3448295,2016,40.762825,-73.9783,1.0
3452524,2016,40.754612,-73.87666999999999,1.0
3452735,2016,40.574905,-74.121735,1.0
3507625,2016,40.656203999999995,-73.886696,1.0
3449637,2016,40.58036,-73.96761,1.0
3445289,2016,40.888992,-73.8892,1.0
3449179,2016,40.84413,-73.82037,1.0
3444089,2016,40.605335,-73.75528,1.0
3442208,2016,40.830345,-73.92328,1.0
3442655,2016,40.700798,-73.89458499999999,1.0
3443656,2016,40.506187,-74.2349,1.0
3441572,2016,40.678416999999996,-74.00294,1.0
3440035,2016,40.610096,-73.96138,1.0
3438119,2016,40.89689,-73.86079000000001,1.0
3436840,2016,40.679794,-73.80982,1.0
3436263,2016,40.645702,-73.90144000000001,2.0
3434059,2016,40.66662,-73.835464,1.0
3434861,2016,40.63851,-73.8999,1.0
3427199,2016,40.76187,-73.83898,1.0
3422517,2016,40.69595,-73.86237,1.0
3411079,2016,40.804990000000004,-73.92017,1.0
3426447,2016,40.78973,-73.7942,1.0
3426404,2016,40.764084000000004,-73.83336,1.0
3418063,2016,40.661827,-73.9966,1.0
3408622,2016,40.78655,-73.95466,1.0
3413870,2016,40.865505,-73.863525,1.0
3409398,2016,40.799285600000005,-73.94536020000001,1.0
3429267,2016,40.7681,-73.90512,1.0
3408447,2016,40.780693,-73.9466,1.0
3404362,2016,40.7416909,-73.7354052,1.0
3403859,2016,40.7547066,-73.854786,1.0
3402892,2016,40.835432,-73.92339840000001,1.0
3399154,2016,40.601204200000005,-74.06507579999999,1.0
3396423,2016,40.7490492,-73.982023,1.0
3396263,2016,40.6824607,-73.83001479999999,1.0
3396155,2016,40.6691717,-73.9863054,1.0
3396507,2016,40.83572120000001,-73.8556463,1.0
3396249,2016,40.6824607,-73.83001479999999,1.0
3391962,2016,40.6789969,-73.7297895,2.0
3389878,2016,40.572907799999996,-74.1370436,1.0
3389717,2016,40.6649593,-73.8222478,1.0
3387726,2016,40.7576938,-74.0005848,1.0
3387100,2016,40.7219679,-74.00823259999999,1.0
3386964,2016,40.6656136,-73.7356712,1.0
3387199,2016,40.839178000000004,-73.9411352,1.0
3386957,2016,40.6966689,-73.8868099,1.0
3384663,2016,40.6542235,-73.9153065,1.0
3384726,2016,40.6775631,-73.9330796,1.0
3382850,2016,40.6236805,-73.9977125,1.0
3379019,2016,40.6014422,-74.0015449,1.0
3375597,2016,40.78419,-73.8458097,1.0
3374572,2016,40.7483506,-73.96785899999999,1.0
3373336,2016,40.5982053,-73.96210359999999,1.0
3373300,2016,40.8538084,-73.85527809999999,1.0
3372149,2016,40.5266411,-74.1681321,1.0
3372132,2016,40.6187344,-74.1760525,1.0
3371541,2016,40.5675778,-74.1271454,1.0
3370539,2016,40.7940523,-73.97036729999999,1.0
3369077,2016,40.7183032,-73.98739559999999,1.0
3368184,2016,40.676343100000004,-73.910927,1.0
3366960,2016,40.7399029,-73.9728449,1.0
3367562,2016,40.8392249,-73.91508909999999,1.0
3366455,2016,40.7707099,-73.95093270000001,1.0
3364673,2016,40.883860799999994,-73.8558854,1.0
3359985,2015,40.5970039,-73.9499008,1.0
3358963,2015,40.7172094,-73.9347028,1.0
3355511,2015,40.599765000000005,-73.9948217,1.0
3355801,2015,40.761131,-73.812267,1.0
3354468,2015,40.7225251,-73.82752540000001,1.0
3354374,2015,40.712832399999996,-73.8782912,1.0
3353860,2015,40.5565344,-74.1281176,1.0
3352670,2015,40.5881722,-73.95245290000001,1.0
3351539,2015,40.6722935,-73.913117,1.0
3350054,2015,40.7568039,-73.8736557,1.0
3348620,2015,40.7354867,-73.9174657,1.0
3348512,2015,40.686310799999994,-73.9744391,1.0
3348736,2015,40.753657200000006,-73.8629707,1.0
3346653,2015,40.6250536,-74.0191167,1.0
3345094,2015,40.7609059,-73.96699609999999,1.0
3345488,2015,40.6936492,-73.9833217,1.0
3344557,2015,40.583900299999996,-73.9387393,1.0
3345259,2015,40.885304299999994,-73.8295323,1.0
3344553,2015,40.6091307,-73.95740450000001,1.0
3342706,2015,40.7699976,-73.9158178,2.0
3342474,2015,40.6569792,-73.88941820000001,1.0
3341440,2015,40.6233399,-73.95594009999999,1.0
3342123,2015,40.735724,-73.9367594,1.0
3339802,2015,40.7135539,-73.98085309999999,1.0
3339166,2015,40.6706674,-73.8010245,1.0
3336789,2015,40.5945938,-73.99549909999999,1.0
3337480,2015,40.6002316,-73.9955923,1.0
3335515,2015,40.6829405,-73.8671614,1.0
3333105,2015,40.6679546,-73.8700642,1.0
3331427,2015,40.5958903,-74.0858762,1.0
3331724,2015,40.5879866,-73.9197254,1.0
3330430,2015,40.8011722,-73.9614571,1.0
3330737,2015,40.66633220000001,-73.81055119999999,1.0
3329912,2015,40.774735299999996,-73.98817559999999,1.0
3329697,2015,40.7585505,-73.82963659999999,1.0
3328699,2015,40.8189912,-73.88669940000001,1.0
3327479,2015,40.6780135,-73.90597109999999,1.0
3333902,2015,40.756319399999995,-73.8336777,1.0
3354170,2015,40.6408847,-73.9494859,1.0
3354467,2015,40.7133001,-73.8491192,1.0
3322584,2015,40.704033100000004,-73.79379200000001,1.0
3322747,2015,40.7700398,-73.9094984,1.0
3321643,2015,40.6410646,-73.94661040000001,1.0
3320966,2015,40.576883,-73.952875,1.0
3320206,2015,40.8350523,-73.92613809999999,1.0
3314885,2015,40.822533,-73.8850856,1.0
3315738,2015,40.5791996,-73.9819392,1.0
3315345,2015,40.726214299999995,-73.92051500000001,1.0
3315347,2015,40.726214299999995,-73.92051500000001,1.0
3314322,2015,40.6925629,-73.92798359999999,1.0
3314919,2015,40.879948399999996,-73.82337679999999,1.0
3311448,2015,40.7382134,-73.80106540000001,1.0
3310129,2015,40.6913591,-73.8375359,1.0
3310739,2015,40.6936625,-73.85216390000001,1.0
3310328,2015,40.5293737,-74.1613509,2.0
3310299,2015,40.6140876,-74.06613279999999,1.0
3308906,2015,40.7571844,-73.8339571,1.0
3306779,2015,40.5956614,-73.9931332,1.0
3304255,2015,40.8838512,-73.8343459,1.0
3303066,2015,40.57213170000001,-74.10808730000001,1.0
3300882,2015,40.879807,-73.9065753,1.0
3297268,2015,40.5512542,-74.1345595,1.0
3296288,2015,40.825594,-73.8209773,1.0
3295640,2015,40.8349018,-73.8399571,1.0
3295077,2015,40.8595489,-73.80090159999999,1.0
3293080,2015,40.597683399999994,-73.9471924,1.0
3292562,2015,40.665398700000004,-73.82951130000001,1.0
3291121,2015,40.6442664,-73.9968434,1.0
3286806,2015,40.8171184,-73.8830681,1.0
3286622,2015,40.67217410000001,-73.7610205,1.0
3287122,2015,40.7382624,-73.79893829999999,1.0
3284722,2015,40.640168700000004,-73.9571253,1.0
3283984,2015,40.5895661,-73.9397962,1.0
3280904,2015,40.7662862,-73.98184870000001,1.0
3281723,2015,40.6294862,-74.022639,1.0
3281241,2015,40.6063974,-73.7517519,1.0
3280785,2015,40.7489641,-73.8917522,1.0
3280502,2015,40.6248771,-73.9641742,1.0
3305224,2015,40.5664967,-74.1137614,1.0
3276211,2015,40.6894904,-73.9220696,1.0
3274584,2015,40.7542505,-73.96897729999999,1.0
3274847,2015,40.6902385,-73.9943603,1.0
3274305,2015,40.6670514,-73.7741023,1.0
3273228,2015,40.708947200000004,-73.8745074,1.0
3272480,2015,40.6488,-74.0134237,1.0
3272321,2015,40.8401761,-73.9252686,1.0
3269992,2015,40.5535547,-74.14116390000001,1.0
3267799,2015,40.6736898,-74.0118029,1.0
3266691,2015,40.7498984,-73.93781070000001,1.0
3265897,2015,40.7162813,-73.8031218,1.0
3263267,2015,40.710026899999995,-73.8340529,1.0
3261921,2015,40.688936299999995,-73.7322397,1.0
3261262,2015,40.667039700000004,-73.76819470000001,1.0
3257329,2015,40.6831278,-73.9791852,1.0
3257565,2015,40.667845799999995,-73.7761182,1.0
3255542,2015,40.666331,-73.91570209999999,1.0
3251708,2015,40.696184,-73.933829,1.0
3250441,2015,40.6541418,-73.8873109,1.0
3251308,2015,40.7445094,-73.76609859999999,3.0
3248839,2015,40.83348839999999,-73.94157750000001,1.0
3249043,2015,40.6641748,-73.9448906,1.0
3249281,2015,40.6934028,-73.75601490000001,1.0
3248243,2015,40.8772207,-73.90904509999999,1.0
3247993,2015,40.7812557,-73.917965,1.0
3245155,2015,40.67019129999999,-73.9393377,1.0
3244293,2015,40.6500815,-73.9610074,1.0
3242790,2015,40.824087299999995,-73.8743351,1.0
3243658,2015,40.6835816,-73.9539533,1.0
3239795,2015,40.7628049,-73.9656703,1.0
3239961,2015,40.8633378,-73.8928205,1.0
3239511,2015,40.683242299999996,-73.7258627,1.0
3236373,2015,40.606103399999995,-74.0798167,1.0
3234227,2015,40.853251,-73.8272179,1.0
3233887,2015,40.7149707,-73.8128948,1.0
3232951,2015,40.8378751,-73.91969859999999,1.0
3233691,2015,40.6420041,-73.8988296,1.0
3232428,2015,40.671789700000005,-73.9531035,1.0
3230886,2015,40.8255779,-73.91845959999999,1.0
3228849,2015,40.8075979,-73.9371788,1.0
3227704,2015,40.678278000000006,-73.91075490000001,1.0
3227905,2015,40.66633220000001,-73.81055119999999,1.0
3227284,2015,40.675200399999994,-73.7898903,1.0
3227142,2015,40.6528929,-73.8667311,1.0
3227141,2015,40.6528929,-73.8667311,1.0
3226500,2015,40.8011245,-73.9298728,1.0
3226145,2015,40.6451334,-73.9023131,1.0
3224218,2015,40.804257799999995,-73.9629254,1.0
3223673,2015,40.655397,-73.9297608,1.0
3222927,2015,40.8378635,-73.9113938,1.0
3221731,2015,40.5864763,-73.94696009999998,1.0
3222198,2015,40.76082279999999,-73.9983142,1.0
3221003,2015,40.7608574,-73.9610689,1.0
3219752,2015,40.827169399999995,-73.8701147,1.0
3219055,2015,40.8476821,-73.9123638,1.0
3219406,2015,40.687951,-73.82501040000001,1.0
3217885,2015,40.6604716,-73.998014,1.0
3218830,2015,40.5464206,-74.14140429999999,1.0
3217160,2015,40.7642144,-73.97095809999999,1.0
3217047,2015,40.7607986,-73.9296497,1.0
3215408,2015,40.8248126,-73.93678680000001,1.0
3214283,2015,40.6420041,-73.8988296,1.0
3212579,2015,40.658920200000004,-73.8898186,1.0
3211968,2015,40.6425396,-73.87651109999999,1.0
3210858,2015,40.7421627,-73.80443170000001,2.0
3209477,2015,40.699405,-73.953369,1.0
3209736,2015,40.577309299999996,-74.1011192,1.0
3209120,2015,40.6867596,-73.78448490000001,1.0
3206467,2015,40.6504017,-73.89421490000001,1.0
3206670,2015,40.680296500000004,-73.8446402,1.0
3204578,2015,40.8814391,-73.8487484,1.0
3204754,2015,40.6806417,-73.9533713,1.0
3203724,2015,40.674896200000006,-73.8074409,1.0
3201898,2015,40.677413200000004,-73.9303181,1.0
3200119,2015,40.7515157,-73.74769609999998,1.0
3197904,2015,40.825413899999994,-73.923475,1.0
3196270,2015,40.8131597,-73.9503486,1.0
3196975,2015,40.905967499999996,-73.90433900000001,1.0
3192053,2015,40.64919329999999,-73.8876761,1.0
3191756,2015,40.53866370000001,-74.1880025,1.0
3189584,2015,40.53078,-74.22443,2.0
3189701,2015,40.8387216,-73.91377059999999,2.0
3187899,2015,40.765320200000005,-73.8890397,1.0
3187038,2015,40.598766,-74.0007202,1.0
3183233,2015,40.6716376,-73.950335,1.0
3181705,2015,40.7563818,-73.96432370000001,1.0
3178808,2015,40.590377600000004,-74.1068782,1.0
3178043,2015,40.6672125,-73.78083659999999,1.0
3177122,2015,40.578936600000006,-73.9852115,1.0
3177170,2015,40.6125584,-74.0360929,1.0
3174442,2015,40.7434005,-73.8888705,1.0
3172793,2015,40.666294799999996,-73.7989819,1.0
3172773,2015,40.755392,-73.82828029999999,1.0
3172578,2015,40.6175896,-73.96381070000001,1.0
3172129,2015,40.6484415,-73.8824124,1.0
3171214,2015,40.7168135,-73.99776340000001,1.0
3167432,2015,40.7544905,-74.0067388,1.0
3167143,2015,40.6627814,-73.8808552,1.0
3167145,2015,40.6627814,-73.8808552,1.0
3164710,2015,40.667369799999996,-73.7826551,1.0
3164015,2015,40.712646899999996,-73.8993537,1.0
3161601,2015,40.5999021,-73.7615889,1.0
3157772,2015,40.779540399999995,-73.9597725,1.0
3157744,2015,40.7504525,-73.98729209999999,1.0
3155847,2015,40.7888914,-73.78702170000001,1.0
3154576,2015,40.756474100000005,-73.9472651,1.0
3154000,2015,40.7293445,-73.745355,1.0
3153446,2015,40.5817949,-73.8492866,1.0
3149869,2015,40.7563818,-73.96432370000001,1.0
3150487,2015,40.824655799999995,-73.89192890000001,1.0
3148157,2015,40.6413948,-73.98907840000001,1.0
3147585,2015,40.6361331,-73.97273609999999,1.0
3147083,2015,40.884735299999996,-73.84044109999999,1.0
3147008,2015,40.764106299999995,-73.966814,1.0
3145919,2015,40.839246100000004,-73.87009470000001,1.0
3145374,2014,40.804886200000006,-73.9624735,1.0
3141856,2014,40.636447100000005,-73.9451224,1.0
3142248,2014,40.5239976,-74.1860995,1.0
3138624,2014,40.6700084,-73.95327059999998,1.0
3138520,2014,40.609357200000005,-74.0152238,1.0
3136738,2014,40.6881494,-73.8488335,1.0
3133520,2014,40.638785799999994,-73.94537270000001,1.0
3132462,2014,40.7205375,-73.7762082,1.0
3131049,2014,40.7756005,-73.95633409999999,1.0
3130207,2014,40.7604644,-73.8265417,1.0
3129967,2014,40.6220219,-73.9872553,1.0
3128360,2014,40.6977606,-73.9687403,1.0
3128156,2014,40.7816671,-73.9866887,1.0
3125591,2014,40.8321617,-73.87222609999999,1.0
2834396,2014,40.7216331,-73.9935279,1.0
3125451,2014,40.7207095,-73.98130920000001,1.0
2826892,2014,40.6475955,-73.97350259999999,1.0
2827222,2014,40.687022600000006,-73.7659469,1.0
2826363,2014,40.6700692,-73.8686795,1.0
2824370,2014,40.5166242,-74.20278499999999,1.0
2822932,2014,40.8367707,-73.8859644,1.0
2826840,2014,40.85561989999999,-73.8332241,1.0
2824498,2014,40.806354299999995,-73.9539551,1.0
2821256,2014,40.73675120000001,-73.7110283,1.0
2819540,2014,40.636228,-73.8859432,1.0
2819770,2014,40.763941700000004,-73.8281463,1.0
2819183,2014,40.738325,-73.8855916,1.0
2818594,2014,40.656160299999996,-73.7673526,1.0
2950617,2014,40.6054518,-73.8985502,1.0
2817946,2014,40.6611218,-73.9201276,1.0
2816554,2014,40.7180184,-73.9999567,1.0
2816382,2014,40.699531,-73.91103670000001,1.0
2815948,2014,40.752013,-73.93015340000001,1.0
2814081,2014,40.619132,-73.9901807,1.0
2814082,2014,40.6219409,-73.917516,1.0
2813084,2014,40.869274,-73.90134379999999,1.0
2810881,2014,40.6840525,-73.9774579,1.0
2809654,2014,40.6916677,-73.76238590000001,1.0
1038177,2014,40.7165417,-73.9969843,1.0
1036646,2014,40.7851932,-73.94933309999999,1.0
3046898,2014,40.7303695,-73.9138714,1.0
1034818,2014,40.61273370000001,-74.0117129,1.0
1032849,2014,40.814766600000006,-73.9187438,1.0
3066532,2014,40.742200700000005,-73.8409528,1.0
3081427,2014,40.745152600000004,-73.7343116,1.0
1028957,2014,40.7366908,-73.9931187,1.0
1028777,2014,40.720625899999995,-73.99497109999999,1.0
1029984,2014,40.6451307,-73.94896379999999,1.0
1029736,2014,40.895221299999996,-73.8800407,1.0
1027905,2014,40.7376906,-73.7684572,1.0
2881510,2014,40.8221447,-73.8878132,1.0
1026895,2014,40.6670937,-73.7637567,2.0
1025964,2014,40.797003600000004,-73.93777390000001,1.0
1025572,2014,40.681382899999996,-73.953515,1.0
1024896,2014,40.854677,-73.84365090000001,1.0
2889602,2014,40.828069299999996,-73.87296620000001,2.0
2914678,2014,40.8532485,-73.8352807,1.0
1021990,2014,40.765320200000005,-73.8890397,1.0
1020002,2014,40.7914379,-73.9759878,1.0
1020205,2014,40.6857804,-73.9543917,1.0
1020506,2014,40.8284182,-73.860674,1.0
1019091,2014,40.6184997,-74.0395757,1.0
1018342,2014,40.788532399999994,-73.9532091,1.0
1018283,2014,40.7401843,-73.986363,1.0
1018089,2014,40.7107873,-73.9599439,1.0
1017187,2014,40.8106084,-73.8835492,1.0
3057379,2014,40.79040139999999,-73.82344,1.0
1016111,2014,40.6984191,-73.8010546,1.0
1015409,2014,40.7763189,-73.962125,1.0
1014834,2014,40.710093900000004,-73.9897886,1.0
1015511,2014,40.609252399999995,-73.9690411,1.0
3018723,2014,40.666413399999996,-73.7881226,1.0
1010383,2014,40.7146219,-73.9011579,1.0
1010076,2014,40.7942333,-73.9469462,1.0
1009830,2014,40.6691002,-73.9366568,1.0
1008944,2014,40.6066705,-73.9725897,1.0
1008131,2014,40.7636677,-73.8230246,1.0
3107573,2014,40.771122399999996,-73.8696353,1.0
1021635,2014,40.8468472,-73.83249709999998,1.0
3018659,2014,40.666413399999996,-73.7881226,1.0
3066422,2014,40.7429082,-73.8393082,2.0
1002080,2014,40.7157016,-73.9557817,1.0
1002176,2014,40.734333500000005,-73.8579913,1.0
1001725,2014,40.601204200000005,-74.06507579999999,1.0
1000592,2014,40.7829958,-73.7993323,1.0
1000073,2014,40.6669713,-73.7912968,1.0
1000024,2014,40.7168018,-73.80809909999999,1.0
999636,2014,40.761356400000004,-73.9353886,1.0
998430,2014,40.605957200000006,-74.00638520000001,1.0
998342,2014,40.785866399999996,-73.9509287,1.0
3081183,2014,40.7374593,-73.7410827,1.0
997906,2014,40.8710047,-73.8938386,1.0
997532,2014,40.7196229,-73.91132009999998,1.0
995830,2014,40.7999588,-73.96052590000001,1.0
996013,2014,40.703764299999996,-73.9426145,1.0
995134,2014,40.707660100000005,-73.91343520000001,1.0
995249,2014,40.6292495,-74.1232208,1.0
648652,2014,40.6198737,-73.9652647,1.0
627840,2014,40.5957763,-73.98822170000001,1.0
362908,2014,40.794580100000005,-73.9737005,1.0
363216,2014,40.642134000000006,-73.9293532,1.0
363453,2014,40.68424,-73.8460949,1.0
362605,2014,40.7486146,-73.87463120000001,1.0
362137,2014,40.5955618,-73.7471003,1.0
362114,2014,40.6892276,-73.9846967,1.0
360733,2014,40.74044310000001,-74.0020208,1.0
2855246,2014,40.8058094,-73.9707438,1.0
360935,2014,40.6244417,-73.9303914,1.0
359919,2014,40.7184964,-73.73531,1.0
359145,2014,40.5921838,-73.92440479999999,1.0
358027,2014,40.5842341,-73.9320426,1.0
2914368,2014,40.819821399999995,-73.81284649999999,1.0
352132,2014,40.7518951,-73.7798059,1.0
351063,2014,40.7518951,-73.7798059,1.0
350942,2014,40.7007255,-73.9419319,1.0
349903,2014,40.69698629999999,-73.9352238,1.0
349506,2014,40.7553365,-73.8432452,1.0
349051,2014,40.5438696,-74.1444428,1.0
347913,2014,40.6670811,-73.810322,1.0
347887,2014,40.666396,-73.7517593,1.0
346958,2014,40.623053799999994,-74.11326340000001,1.0
346532,2014,40.757233,-73.976047,1.0
344855,2014,40.834917600000004,-73.89412390000001,1.0
345028,2014,40.6741459,-74.006006,1.0
345214,2014,40.68793839999999,-73.78962659999999,1.0
343861,2014,40.6152042,-73.9633618,1.0
3102686,2014,40.7686857,-73.9066698,1.0
340893,2014,40.609416700000004,-73.9676868,1.0
340401,2014,40.9063395,-73.89649179999999,1.0
340065,2014,40.688090700000004,-73.7357083,1.0
338886,2014,40.6142465,-74.0065589,1.0
339170,2014,40.6344828,-73.9188516,1.0
339109,2014,40.7317311,-73.85112690000001,1.0
337964,2014,40.7456688,-73.7924903,1.0
338667,2014,40.609809600000006,-73.92249759999999,2.0
3080939,2014,40.74723779999999,-73.77287209999999,1.0
333839,2014,40.8036997,-73.9358171,1.0
334103,2014,40.6819859,-73.84976329999999,1.0
333064,2014,40.672669,-73.9900142,1.0
331917,2014,40.7823164,-73.9485012,1.0
330801,2014,40.7908949,-73.94516850000001,1.0
330385,2014,40.6119531,-73.9681646,1.0
329938,2014,40.6320498,-73.89685959999998,1.0
330114,2014,40.721453499999996,-73.84397790000001,1.0
3034890,2014,40.744646100000004,-73.7703999,1.0
328073,2014,40.6118189,-73.9411628,1.0
327587,2014,40.7491025,-73.9920058,1.0
328249,2014,40.8586838,-73.8473975,1.0
325705,2014,40.5770881,-73.9509957,1.0
324336,2014,40.6859635,-73.85652940000001,1.0
324015,2014,40.7646158,-73.93779690000001,1.0
321958,2014,40.7909397,-73.9472305,1.0
321253,2014,40.70157329999999,-73.9312919,1.0
3018328,2014,40.6655218,-73.7446568,1.0
318613,2014,40.775245500000004,-73.94762209999999,1.0
317135,2014,40.641728799999996,-73.9076365,1.0
315896,2014,40.60604420000001,-74.06334820000001,1.0
315154,2014,40.642134000000006,-73.9293532,1.0
316814,2014,40.7792798,-73.9008742,4.0
314564,2014,40.822989299999996,-73.8678032,1.0
332051,2014,40.651369700000004,-73.9559072,1.0
3018297,2014,40.6655218,-73.7446568,1.0
3107452,2014,40.76349129999999,-73.8607772,1.0
311626,2014,40.805736100000004,-73.9406446,1.0
310952,2014,40.7677542,-73.8319235,1.0
310260,2014,40.8837907,-73.9116002,1.0
309855,2014,40.6746537,-73.90915550000001,1.0
308929,2014,40.595029600000004,-73.9547346,1.0
305568,2014,40.599250299999994,-73.9526071,1.0
305927,2014,40.663905799999995,-73.9509752,1.0
304443,2014,40.7416425,-73.9974342,1.0
201027,2014,40.7337398,-73.95484240000002,1.0
279367,2014,40.7509782,-73.9347418,1.0
219322,2014,40.6985896,-73.8948489,1.0
208670,2014,40.6966162,-73.8162064,1.0
170654,2014,40.668818,-73.89894040000001,1.0
155720,2014,40.6667263,-73.9424445,1.0
3000166,2014,40.6977532,-73.81391590000001,1.0
3056972,2014,40.7382624,-73.79893829999999,2.0
144530,2014,40.6337945,-74.01132740000001,1.0
197907,2014,40.7116424,-73.94390990000001,1.0
84971,2014,40.8310849,-73.86908079999999,1.0
170366,2014,40.6757902,-73.9026791,1.0
259105,2014,40.7468122,-73.891752,1.0
116103,2014,40.578274,-73.9582594,1.0
155595,2014,40.669196500000005,-73.96211009999999,1.0
2849381,2014,40.768877200000006,-73.9489716,1.0
147265,2014,40.6502446,-73.9027344,1.0
300827,2014,40.596849799999994,-74.062054,1.0
113193,2014,40.8642161,-73.8957945,1.0
59471,2014,40.794651,-73.9717827,1.0
64859,2014,40.807772299999996,-73.94548329999999,1.0
3018123,2014,40.74091,-73.7266443,1.0
31559,2014,40.754176799999996,-73.98459509999999,1.0
182331,2014,40.678956799999995,-73.954126,1.0
106479,2014,40.8396755,-73.871207,1.0
197672,2014,40.7030534,-73.94249609999999,1.0
300664,2014,40.5758147,-74.11978520000001,1.0
59450,2014,40.794651,-73.9717827,1.0
59451,2014,40.795927500000005,-73.9727176,1.0
169949,2014,40.6816856,-73.87156259999999,1.0
237980,2014,40.7123691,-73.7939033,1.0
3080541,2014,40.76443629999999,-73.7226787,1.0
144219,2014,40.6339615,-74.0147538,1.0
102383,2014,40.8533472,-73.88166700000001,1.0
3034573,2014,40.7385394,-73.81050309999999,1.0
290126,2014,40.642031200000005,-74.0951457,1.0
253861,2013,40.767222600000004,-73.79361440000001,1.0
147128,2013,40.640584499999996,-73.9189307,1.0
200726,2013,40.7246381,-73.94817059999998,1.0
2940915,2013,40.5846437,-73.96015340000001,1.0
300548,2013,40.5647067,-74.12720829999999,1.0
140118,2013,40.6417152,-73.9361062,1.0
244624,2013,40.7418634,-73.9075049,2.0
106348,2013,40.854199799999996,-73.8544097,1.0
37022,2013,40.7576386,-73.9634098,1.0
69771,2013,40.831567799999995,-73.9429813,1.0
278497,2013,40.753902200000006,-73.9012151,1.0
300410,2013,40.5952985,-74.11037890000001,1.0
169686,2013,40.6813529,-73.8811681,1.0
258731,2013,40.74837,-73.87692340000001,1.0
207918,2013,40.6936625,-73.85216390000001,1.0
232273,2013,40.6598458,-73.835205,1.0
31105,2013,40.75478270000001,-73.97993520000001,1.0
115843,2013,40.588887799999995,-73.96564090000001,1.0
25414,2013,40.7297989,-73.9748013,1.0
51063,2013,40.779811200000005,-73.95033740000001,1.0
226425,2013,40.659650899999995,-73.7738282,1.0
169441,2013,40.67285820000001,-73.871302,1.0
63351,2013,40.8131597,-73.9503486,1.0
2881392,2013,40.812222799999994,-73.8992439,1.0
94331,2013,40.8603346,-73.8982914,1.0
129006,2013,40.628730700000006,-73.9433311,1.0
4421,2013,40.7203761,-74.00326120000001,1.0
98923,2013,40.8929052,-73.843655,1.0
3017958,2013,40.7148726,-73.72909659999999,1.0
253037,2013,40.785600200000005,-73.83935699999999,1.0
258480,2013,40.7369781,-73.87840229999999,2.0
57151,2013,40.79037,-73.9497662,1.0
108985,2013,40.8865285,-73.8997812,1.0
3065868,2013,40.7652999,-73.8396576,1.0
2913767,2013,40.8750199,-73.8186057,2.0
78132,2013,40.8166622,-73.8879967,1.0
237395,2013,40.728283700000006,-73.8294,1.0
75471,2013,40.8080059,-73.9143306,1.0
54765,2013,40.7742266,-73.9811136,1.0
193395,2013,40.6895074,-73.97013249999999,1.0
98813,2013,40.8934115,-73.85736209999999,1.0
80277,2013,40.8359271,-73.90290390000001,1.0
169123,2013,40.6731495,-73.89619040000001,1.0
212045,2013,40.7084277,-73.7805483,1.0
128796,2013,40.640239,-73.9194608,1.0
133733,2013,40.6376871,-73.9965194,1.0
91311,2013,40.8352696,-73.8322408,1.0
190714,2013,40.689870299999995,-73.9882988,1.0
181929,2013,40.6957047,-73.9463647,1.0
69561,2013,40.8455203,-73.9346852,1.0
146802,2013,40.637108000000005,-73.8933748,1.0
3056701,2013,40.789021999999996,-73.8186415,1.0
146761,2013,40.6353138,-73.90049350000001,1.0
283373,2013,40.7568039,-73.8736557,1.0
128739,2013,40.612074799999995,-73.9277462,1.0
102021,2013,40.8467812,-73.8837895,1.0
252454,2013,40.75248870000001,-73.8268873,1.0
262874,2013,40.7502348,-73.7728818,1.0
80182,2013,40.82357929999999,-73.91416600000001,1.0
243609,2013,40.7518401,-73.9035714,1.0
211820,2013,40.7027402,-73.7984161,1.0
158953,2013,40.642305900000004,-74.0132314,1.0
243583,2013,40.74266,-73.93208309999999,1.0
87659,2013,40.83751470000001,-73.91477320000001,1.0
143558,2013,40.6357409,-74.0260387,1.0
266864,2013,40.721453499999996,-73.84397790000001,1.0
143533,2013,40.6203042,-74.0074276,1.0
243469,2013,40.7459414,-73.900054,1.0
162449,2013,40.65531179999999,-73.9031775,1.0
258079,2013,40.7416789,-73.8675568,1.0
277406,2013,40.782856,-73.9107303,2.0
207152,2013,40.690697899999996,-73.82828459999999,1.0
2864908,2013,40.812804,-73.9344344,1.0
87586,2013,40.845177500000005,-73.9141598,1.0
42631,2013,40.7707422,-73.9945485,1.0
258002,2013,40.739836700000005,-73.8671454,1.0
243337,2013,40.744028799999995,-73.9261524,1.0
3107259,2013,40.771375799999994,-73.8771311,1.0
77862,2013,40.8113299,-73.9007723,1.0
168438,2013,40.644042,-73.87751949999999,1.0
83742,2013,40.8198786,-73.85776899999999,1.0
196687,2013,40.7052279,-73.9498375,1.0
2944071,2013,40.5839626,-73.9252914,1.0
138945,2013,40.6494525,-73.9407657,1.0
146571,2013,40.638740000000006,-73.89519179999999,1.0
203203,2013,40.5933206,-73.77271340000001,2.0
2849076,2013,40.7850321,-73.9405708,1.0
13308,2013,40.721472999999996,-73.9838235,1.0
3610,2013,40.7269334,-73.99991700000001,1.0
42419,2013,40.762288,-73.9723632,1.0
2839297,2013,40.732833299999996,-73.9741445,1.0
217328,2013,40.7068736,-73.8591426,1.0
200087,2013,40.735158899999995,-73.9550724,1.0
115384,2013,40.5741231,-74.00407840000001,1.0
115380,2013,40.5764221,-73.96976550000001,1.0
168269,2013,40.6818006,-73.8897736,1.0
231320,2013,40.6563005,-73.8478533,1.0
282868,2013,40.7550297,-73.8726917,1.0
224888,2013,40.636787899999995,-73.740563,1.0
2965375,2013,40.6692344,-73.99714300000001,1.0
243103,2013,40.7433745,-73.9205559,2.0
196593,2013,40.7075935,-73.95554179999999,1.0
299141,2013,40.595951,-74.0958614,1.0
138770,2013,40.6444315,-73.9295994,1.0
3107851,2013,40.610422,-74.1512,1.0
224727,2013,40.6643263,-73.7466882,1.0
19735,2013,40.747768799999996,-74.00039699999999,1.0
49526,2013,40.76217929999999,-73.9661291,1.0
71663,2013,40.862216100000005,-73.9296942,1.0
262382,2013,40.735778100000005,-73.7465392,1.0
236423,2013,40.7330977,-73.80497790000001,1.0
29789,2013,40.7471531,-73.9854954,1.0
224659,2013,40.6736299,-73.7327734,1.0
119571,2013,40.595921000000004,-73.9410184,1.0
2913376,2013,40.8792309,-73.8176945,1.0
236395,2013,40.7056666,-73.8184645,1.0
79948,2013,40.835452200000006,-73.88222640000001,1.0
138676,2013,40.6500214,-73.91554609999999,1.0
206735,2013,40.6912455,-73.85087829999999,1.0
150494,2013,40.654840500000006,-73.9596963,1.0
3079966,2013,40.7522009,-73.72612170000001,1.0
270695,2013,40.6715676,-73.784653,1.0
124028,2013,40.6093299,-73.9861304,1.0
224432,2013,40.6656299,-73.7392073,1.0
105281,2013,40.8595831,-73.8665266,1.0
132900,2013,40.6241708,-73.9704715,1.0
262199,2013,40.7533324,-73.76813220000001,1.0
177924,2013,40.6797343,-73.9743118,1.0
49207,2013,40.7723521,-73.9466568,1.0
3034014,2013,40.7191256,-73.7913993,2.0
24233,2013,40.7369617,-73.98450890000001,1.0
97798,2013,40.8968966,-73.8441665,1.0
3033995,2013,40.7191256,-73.7913993,1.0
2968312,2013,40.6412074,-73.8771979,1.0
97734,2013,40.8962424,-73.8724104,1.0
93577,2013,40.859308500000004,-73.8988389,1.0
138205,2013,40.665917799999995,-73.92546390000001,1.0
250777,2013,40.765057,-73.81292009999999,1.0
74581,2013,40.819693799999996,-73.90160159999999,1.0
196165,2013,40.709551700000006,-73.95885890000001,1.0
154210,2013,40.670658,-73.9579745,1.0
61006,2013,40.805057299999994,-73.93903420000001,1.0
58683,2013,40.7947356,-73.96987220000001,1.0
35240,2013,40.7563818,-73.96432370000001,1.0
56576,2013,40.7942333,-73.9469462,1.0
223884,2013,40.650285,-73.7349679,1.0
123681,2013,40.6020295,-73.9985631,1.0
123682,2013,40.6057155,-74.0091907,1.0
93466,2013,40.8468635,-73.9014132,1.0
2946547,2013,40.595533200000006,-73.9988553,1.0
174141,2013,40.671645,-73.96257370000001,1.0
86954,2013,40.8409303,-73.91269799999999,1.0
206156,2013,40.686684899999996,-73.85399659999999,1.0
82984,2013,40.8284182,-73.860674,1.0
276000,2013,40.768630200000004,-73.935822,1.0
282045,2013,40.7484162,-73.87647940000001,1.0
167019,2013,40.6767657,-73.8805058,1.0
3097159,2013,40.6649967,-73.80228290000001,1.0
93367,2013,40.8504784,-73.91542530000001,1.0
235642,2013,40.710351700000004,-73.79389509999999,1.0
64244,2013,40.8032165,-73.95253050000001,1.0
2864594,2013,40.812804,-73.9344344,1.0
257041,2013,40.758973,-73.845074,1.0
189454,2013,40.696034600000004,-73.9845292,1.0
145973,2013,40.641946999999995,-73.9166193,1.0
48214,2013,40.7742786,-73.959393,1.0
223193,2013,40.7092547,-73.7500306,1.0
67102,2013,40.81582879999999,-73.9470338,1.0
137514,2013,40.6485398,-73.92424720000001,1.0
177325,2013,40.6848568,-73.9780417,1.0
256924,2013,40.744941499999996,-73.8873378,1.0
142497,2013,40.622798700000004,-74.02834990000001,1.0
3023625,2013,40.665398700000004,-73.82951130000001,1.0
3045300,2013,40.7353396,-73.916885,1.0
118561,2013,40.58626029999999,-73.9489224,1.0
222821,2013,40.6869658,-73.7383125,1.0
3033754,2013,40.720090899999995,-73.78269190000002,1.0
82534,2013,40.8175206,-73.8620769,1.0
241411,2013,40.74517720000001,-73.9372593,1.0
18504,2013,40.760158600000004,-74.0026387,1.0
18484,2013,40.7503074,-74.00836609999999,1.0
131926,2013,40.6284454,-73.9963362,1.0
261208,2013,40.7424052,-73.7534717,1.0
195453,2013,40.7039152,-73.9481686,1.0
180631,2013,40.678009499999995,-73.9413784,1.0
195451,2013,40.7031587,-73.9658741,3.0
93079,2013,40.858680299999996,-73.8992122,1.0
3056136,2013,40.789528000000004,-73.820422,1.0
60586,2013,40.7966809,-73.9349137,1.0
235095,2013,40.727411,-73.80205409999999,1.0
23287,2013,40.7413501,-73.98131059999999,1.0
2848714,2013,40.76241160000001,-73.9544246,1.0
145753,2013,40.6385777,-73.9041314,1.0
189143,2013,40.6902385,-73.9943603,1.0
275075,2013,40.75687620000001,-73.94435190000002,1.0
269638,2013,40.6796533,-73.7772287,1.0
269607,2013,40.668608500000005,-73.781667,1.0
110884,2013,40.8660702,-73.8943816,1.0
166000,2013,40.6694586,-73.8628301,1.0
205471,2013,40.6936625,-73.85216390000001,1.0
274930,2013,40.763980200000006,-73.9105065,1.0
65444,2013,40.820097499999996,-73.95507640000001,1.0
18250,2013,40.757828100000005,-73.9930696,1.0
55426,2013,40.7894755,-73.9573939,1.0
296394,2013,40.5783776,-74.0940362,1.0
215286,2013,40.699531,-73.91103670000001,1.0
62619,2013,40.8156907,-73.95829470000001,1.0
222269,2013,40.6979494,-73.7366502,1.0
136979,2013,40.6542235,-73.9153065,1.0
136972,2013,40.6541334,-73.9123297,1.0
47363,2013,40.764917499999996,-73.955157,1.0
248775,2013,40.764651,-73.823484,1.0
110757,2013,40.862444200000006,-73.8971422,1.0
122858,2013,40.6162611,-73.99308070000001,1.0
145617,2013,40.644245,-73.89102120000001,1.0
222196,2013,40.7491907,-73.70785959999999,1.0
131557,2013,40.612109100000005,-73.9667815,1.0
23074,2013,40.7407326,-73.9817618,1.0
229627,2013,40.674021,-73.86107220000001,1.0
27940,2013,40.7502418,-73.99859599999999,1.0
215162,2013,40.6998829,-73.9082989,1.0
2957422,2013,40.635625700000006,-74.01706290000001,1.0
215118,2013,40.71337929999999,-73.8596555,1.0
222056,2013,40.7413881,-73.7248837,1.0
248436,2013,40.7460428,-73.8260812,1.0
153400,2013,40.6558844,-73.9423998,1.0
117875,2013,40.5976825,-73.96684990000001,3.0
100720,2013,40.843829299999996,-73.88791850000001,1.0
22964,2013,40.7401843,-73.986363,1.0
96432,2013,40.8906476,-73.84874190000001,1.0
73636,2013,40.818461,-73.9148771,1.0
3089792,2013,40.7363231,-73.8563019,1.0
136731,2012,40.6490386,-73.94746529999999,1.0
82058,2012,40.8338892,-73.8546529,1.0
286651,2012,40.6402245,-74.1366666,1.0
280998,2012,40.755363200000005,-73.8872263,1.0
117798,2012,40.6033724,-73.9582113,1.0
248289,2012,40.7542523,-73.8278248,1.0
221841,2012,40.7361595,-73.7137011,1.0
39815,2012,40.766875799999994,-73.979076,1.0
269294,2012,40.6878729,-73.7974623,1.0
260716,2012,40.7312494,-73.75167640000001,1.0
53252,2012,40.772991600000005,-73.98207790000001,1.0
286557,2012,40.6360222,-74.156053,1.0
221730,2012,40.6643565,-73.7345263,1.0
117693,2012,40.605675399999996,-73.96696120000001,1.0
3122012,2012,40.614270399999995,-74.15664670000001,1.0
295659,2012,40.5715006,-74.121624,1.0
136573,2012,40.650518299999995,-73.9235855,2.0
126826,2012,40.6217782,-73.92039079999999,1.0
3079263,2012,40.7609347,-73.7311243,1.0
176700,2012,40.6840525,-73.9774579,1.0
53218,2012,40.77809620000001,-73.9782926,1.0
3017137,2012,40.6670627,-73.73918570000001,1.0
73535,2012,40.806822499999996,-73.91747840000001,1.0
122529,2012,40.6060431,-73.9782909,1.0
141706,2012,40.625983399999996,-74.0015202,1.0
148544,2012,40.6130524,-73.949118,1.0
3089708,2012,40.7179035,-73.83201120000001,1.0
22666,2012,40.7371325,-73.9903293,1.0
229113,2012,40.6596447,-73.8486818,1.0
221299,2012,40.6983571,-73.731358,1.0
136277,2012,40.638606,-73.9482662,1.0
194770,2012,40.7107162,-73.9535811,1.0
160830,2012,40.6769384,-73.9218247,1.0
295045,2012,40.6084351,-74.1554375,1.0
6184,2012,40.7180184,-73.9999567,1.0
247482,2012,40.75933,-73.8259671,1.0
286001,2012,40.615050399999994,-74.10706540000001,1.0
22565,2012,40.7445322,-73.9888703,1.0
85858,2012,40.834323499999996,-73.9199088,1.0
156622,2012,40.643669700000004,-74.015491,1.0
234088,2012,40.728920200000005,-73.7820575,1.0
95837,2012,40.8778822,-73.84479329999999,1.0
214317,2012,40.727789,-73.8954991,1.0
160697,2012,40.6572088,-73.9002951,1.0
46210,2012,40.7765625,-73.95270479999999,1.0
247308,2012,40.7421627,-73.80443170000001,1.0
294758,2012,40.6124545,-74.18098309999999,1.0
255740,2012,40.743311600000006,-73.8745041,1.0
103442,2012,40.867743,-73.85954670000001,1.0
2864251,2012,40.8115047,-73.93479909999999,1.0
209415,2012,40.709532700000004,-73.79639370000001,1.0
62376,2012,40.8011551,-73.9596475,1.0
285666,2012,40.6242711,-74.137232,1.0
194426,2012,40.714208299999996,-73.92816579999999,1.0
209325,2012,40.7017656,-73.8079259,1.0
38725,2012,40.7580218,-73.9817932,1.0
194413,2012,40.7085426,-73.9274072,1.0
141302,2012,40.618087100000004,-74.0227324,1.0
62352,2012,40.80670670000001,-73.9648494,1.0
2912429,2012,40.869591299999996,-73.8203916,1.0
204385,2012,40.7120013,-73.8254559,1.0
85662,2012,40.8309366,-73.9123967,1.0
45850,2012,40.7629131,-73.96979990000001,1.0
280279,2012,40.7575342,-73.8665687,1.0
3033349,2012,40.744646100000004,-73.7703999,1.0
73074,2012,40.8091071,-73.92288690000001,1.0
38596,2012,40.767109600000005,-73.9817185,1.0
164369,2012,40.6768941,-73.9000457,1.0
45770,2012,40.765868,-73.9574126,1.0
130513,2012,40.6268409,-73.9684781,1.0
273502,2012,40.7574856,-73.93908499999999,1.0
63762,2012,40.807772299999996,-73.94548329999999,1.0
194327,2012,40.7056343,-73.96509379999999,1.0
2912389,2012,40.8819612,-73.81659429999999,1.0
3078957,2012,40.7549013,-73.7454772,1.0
62317,2012,40.8018439,-73.95914859999999,1.0
152745,2012,40.656762,-73.9601349,1.0
95407,2012,40.8998154,-73.8578041,1.0
109862,2012,40.8701594,-73.8909872,1.0
293916,2012,40.5342669,-74.15397349999999,2.0
194205,2012,40.698677,-73.9588584,1.0
3033279,2012,40.716136600000006,-73.81848520000001,1.0
76434,2012,40.812181,-73.9010925,1.0
220124,2012,40.656160299999996,-73.7673526,1.0
516,2012,40.70495,-74.0115487,1.0
160389,2012,40.6706879,-73.9170232,1.0
95290,2012,40.8924774,-73.85449229999999,1.0
103051,2012,40.8675505,-73.8615031,1.0
273143,2012,40.76238529999999,-73.9034334,1.0
2853447,2012,40.7914069,-73.93567809999999,1.0
76398,2012,40.8120773,-73.8868051,1.0
144898,2012,40.6420041,-73.8988296,1.0
12320,2012,40.721643799999995,-73.9891302,1.0
38108,2012,40.7616682,-73.9749156,1.0
130180,2012,40.618799100000004,-73.98348809999999,1.0
156067,2012,40.647122700000004,-74.0151603,1.0
293579,2012,40.60883320000001,-74.1211698,1.0
194049,2012,40.714691200000004,-73.9426881,1.0
65072,2012,40.8284464,-73.9415422,1.0
55636,2012,40.7942333,-73.9469462,1.0
284928,2012,40.6214289,-74.1264267,1.0
160223,2012,40.6631059,-73.90517390000001,1.0
208863,2012,40.6972045,-73.81333409999999,5.0
268241,2012,40.6852789,-73.77239990000001,1.0
238815,2012,40.7390635,-73.9261579,1.0
95006,2012,40.878645299999995,-73.87159799999999,1.0
130032,2012,40.609674,-73.96522320000001,1.0
57611,2012,40.7965967,-73.9703697,1.0
85246,2012,40.8387216,-73.91377059999999,1.0
109565,2012,40.878645299999995,-73.87159799999999,1.0
88620,2012,40.8430075,-73.8485467,1.0
3089477,2012,40.725176,-73.8373787,1.0
163460,2012,40.6806649,-73.90262159999999,1.0
152388,2012,40.6627363,-73.9571216,1.0
279655,2012,40.7640141,-73.88121559999999,1.0
179420,2012,40.685846000000005,-73.9473101,1.0
